node1,node2,weight
ADAL,ADAR,1
ADAL,ADFL,1
ADAL,AIBL,1
ADAL,AIBR,2
ADAL,ASHL,1
ADAL,AVAR,2
ADAL,AVBL,4
ADAL,AVBR,7
ADAL,AVDL,1
ADAL,AVDR,2
ADAL,AVEL,1
ADAL,AVJR,5
ADAL,FLPR,1
ADAL,PVQL,1
ADAL,RICL,1
ADAL,RICR,1
ADAL,RIML,3
ADAL,RIPL,1
ADAL,SMDVR,2
ADAR,ADAL,1
ADAR,ADFR,1
ADAR,AIBL,1
ADAR,AIBR,1
ADAR,ASHR,1
ADAR,AVAL,1
ADAR,AVBL,1
ADAR,AVBR,5
ADAR,AVDL,2
ADAR,AVEL,1
ADAR,AVJL,3
ADAR,PVQR,1
ADAR,RICL,1
ADAR,RIMR,5
ADAR,RIPR,1
ADAR,RIVR,1
ADAR,SMDVL,2
ADEL,ADAL,1
ADEL,ADER,1
ADEL,AINL,1
ADEL,AVAL,2
ADEL,AVAR,3
ADEL,AVEL,1
ADEL,AVKR,1
ADEL,AVL,1
ADEL,BDUL,1
ADEL,CEPDL,1
ADEL,FLPL,1
ADEL,IL1L,1
ADEL,IL2L,1
ADEL,MDL05,1
ADEL,OLLL,1
ADEL,RIAL,1
ADEL,RIFL,1
ADEL,RIGL,5
ADEL,RIGR,3
ADEL,RIH,2
ADEL,RIVL,1
ADEL,RIVR,1
ADEL,RMDL,2
ADEL,RMGL,1
ADEL,RMHL,1
ADEL,SIADR,1
ADEL,SIBDR,1
ADEL,SMBDR,1
ADEL,URBL,1
ADER,ADAR,1
ADER,ADEL,2
ADER,ALA,1
ADER,AVAL,5
ADER,AVAR,1
ADER,AVDR,2
ADER,AVER,1
ADER,AVJR,1
ADER,AVKL,1
ADER,AVKL,1
ADER,AVKR,1
ADER,CEPDR,1
ADER,FLPL,1
ADER,FLPR,1
ADER,OLLR,2
ADER,PVR,1
ADER,RIGL,7
ADER,RIGR,4
ADER,RIH,1
ADER,RMDR,2
ADER,SAAVR,1
ADFL,ADAL,1
ADFL,ADAL,1
ADFL,AIZL,12
ADFL,AUAL,5
ADFL,OLQVL,1
ADFL,RIAL,15
ADFL,RIGL,1
ADFL,RIR,2
ADFL,SMBVL,2
ADFR,ADAR,1
ADFR,ADAR,1
ADFR,AIAR,1
ADFR,AIYR,1
ADFR,AIZR,8
ADFR,ASHR,1
ADFR,AUAR,4
ADFR,AWBR,1
ADFR,PVPR,1
ADFR,RIAR,16
ADFR,RIGR,3
ADFR,RIR,3
ADFR,SMBDR,1
ADFR,SMBVR,2
ADFR,URXR,1
ADLL,ADLR,1
ADLL,AIAL,6
ADLL,AIBL,7
ADLL,AIBR,1
ADLL,ALA,2
ADLL,ASER,3
ADLL,ASHL,2
ADLL,AVAL,2
ADLL,AVAR,3
ADLL,AVBL,2
ADLL,AVDL,1
ADLL,AVDR,4
ADLL,AVDR,1
ADLL,AVJL,1
ADLL,AVJR,3
ADLL,AWBL,2
ADLL,OLQVL,1
ADLL,OLQVL,1
ADLL,RIPL,1
ADLL,RMGL,1
ADLR,ADLL,1
ADLR,AIAR,10
ADLR,AIBR,10
ADLR,ASER,1
ADLR,ASHR,3
ADLR,AVAR,2
ADLR,AVBL,1
ADLR,AVBR,2
ADLR,AVDL,5
ADLR,AVDR,2
ADLR,AVJR,1
ADLR,AWCR,3
ADLR,OLLR,1
ADLR,PVCL,1
ADLR,RICL,1
ADLR,RICR,1
AFDL,AFDR,1
AFDL,AIBL,1
AFDL,AINR,1
AFDL,AIYL,7
AFDR,AFDL,1
AFDR,AIBR,1
AFDR,AIYR,13
AFDR,ASER,1
AIAL,ADAL,1
AIAL,AIAR,1
AIAL,AIBL,10
AIAL,AIML,2
AIAL,AIZL,1
AIAL,ASER,3
AIAL,ASGL,1
AIAL,ASHL,1
AIAL,ASIL,2
AIAL,ASKL,3
AIAL,AWAL,1
AIAL,AWCR,1
AIAL,HSNL,1
AIAL,RIFL,1
AIAL,RMGL,1
AIAR,ADAR,1
AIAR,ADFR,1
AIAR,ADLR,2
AIAR,AIAL,1
AIAR,AIBR,14
AIAR,AIZR,1
AIAR,ASER,1
AIAR,ASGR,1
AIAR,ASIR,2
AIAR,AWAR,1
AIAR,AWAR,1
AIAR,AWCL,1
AIAR,AWCR,3
AIAR,RIFR,2
AIBL,AFDL,1
AIBL,AIYL,1
AIBL,ASER,1
AIBL,AVAL,2
AIBL,AVBL,5
AIBL,DVC,1
AIBL,FLPL,1
AIBL,PVT,1
AIBL,RIBR,4
AIBL,RIFL,1
AIBL,RIGR,1
AIBL,RIGR,3
AIBL,RIML,2
AIBL,RIMR,13
AIBL,RIMR,1
AIBL,RIVL,1
AIBL,SAADL,2
AIBL,SAADR,2
AIBL,SMDDR,4
AIBR,AFDR,1
AIBR,AVAR,1
AIBR,AVBR,3
AIBR,AVEL,1
AIBR,DB1,1
AIBR,DVC,2
AIBR,PVT,1
AIBR,RIAL,1
AIBR,RIBL,4
AIBR,RIGL,3
AIBR,RIML,16
AIBR,RIML,1
AIBR,RIMR,1
AIBR,RIS,1
AIBR,RIVR,1
AIBR,SAADL,1
AIBR,SMDDL,3
AIBR,SMDVL,1
AIBR,VB1,3
AIML,AIAL,5
AIML,ALML,1
AIML,ASGL,2
AIML,ASKL,2
AIML,AVBR,2
AIML,AVDL,1
AIML,AVDR,1
AIML,AVER,1
AIML,AVFL,4
AIML,AVFR,1
AIML,AVHL,2
AIML,AVHR,1
AIML,AVJL,1
AIML,PVQL,1
AIML,RIFL,1
AIML,SIBDR,1
AIML,SMBVL,1
AIMR,AIAR,5
AIMR,ASGR,2
AIMR,ASJR,2
AIMR,ASKR,3
AIMR,AVDR,1
AIMR,AVFL,1
AIMR,AVFR,1
AIMR,HSNL,1
AIMR,HSNR,2
AIMR,OLQDR,1
AIMR,PVNR,1
AIMR,RIFR,1
AIMR,RMGR,1
AINL,ADEL,1
AINL,AFDR,5
AINL,AINR,2
AINL,ASEL,3
AINL,ASGR,1
AINL,ASGR,1
AINL,AUAR,1
AINL,AUAR,1
AINL,BAGL,3
AINL,RIBL,1
AINL,RIBR,2
AINR,AFDL,4
AINR,AFDR,1
AINR,AIAL,2
AINR,AIBL,2
AINR,AINL,2
AINR,ASEL,1
AINR,ASER,1
AINR,ASGL,1
AINR,AUAL,1
AINR,AUAR,1
AINR,BAGR,3
AINR,RIBL,2
AINR,RID,1
AIYL,AIYR,1
AIYL,AIZL,13
AIYL,AWAL,3
AIYL,AWCL,1
AIYL,AWCR,1
AIYL,HSNR,1
AIYL,RIAL,7
AIYL,RIBL,4
AIYL,RIML,1
AIYR,ADFR,1
AIYR,AIYL,1
AIYR,AIZR,8
AIYR,AWAR,1
AIYR,HSNL,1
AIYR,RIAR,6
AIYR,RIBR,2
AIYR,RIMR,1
AIZL,AIAL,3
AIZL,AIBL,2
AIZL,AIBR,8
AIZL,AIZR,2
AIZL,ASEL,1
AIZL,ASGL,1
AIZL,ASHL,1
AIZL,AVER,5
AIZL,DVA,1
AIZL,RIAL,8
AIZL,RIGL,1
AIZL,RIML,4
AIZL,SMBDL,9
AIZL,SMBVL,7
AIZL,VB2,1
AIZR,AIAR,1
AIZR,AIBL,8
AIZR,AIBR,1
AIZR,AIZL,2
AIZR,ASGR,1
AIZR,ASHR,1
AIZR,AVEL,4
AIZR,AVER,1
AIZR,AWAR,1
AIZR,DVA,1
AIZR,RIAR,7
AIZR,RIMR,4
AIZR,SMBDR,5
AIZR,SMBVR,3
AIZR,SMDDR,1
ALA,ADEL,1
ALA,AVAL,1
ALA,AVEL,2
ALA,AVER,1
ALA,RID,1
ALA,RMDR,1
ALML,AVDR,1
ALML,AVEL,1
ALML,AVM,1
ALML,BDUL,6
ALML,CEPDL,3
ALML,CEPVL,2
ALML,PVCL,2
ALML,PVCR,1
ALML,PVR,1
ALML,RMDDR,1
ALML,RMGL,1
ALML,SDQL,1
ALMR,AVM,1
ALMR,BDUR,5
ALMR,CEPDR,1
ALMR,CEPVR,1
ALMR,PVCR,3
ALMR,RMDDL,1
ALMR,SIADL,1
ALNL,SAAVL,3
ALNL,SMBDR,2
ALNL,SMBDR,1
ALNL,SMDVL,1
ALNR,ADER,1
ALNR,RMHR,1
ALNR,SAAVR,2
ALNR,SMBDL,2
ALNR,SMDDR,1
ALNR,SMDVL,1
AQR,AVAL,1
AQR,AVAR,3
AQR,AVBL,3
AQR,AVBL,1
AQR,AVBR,4
AQR,AVDL,1
AQR,AVDR,1
AQR,AVJL,1
AQR,AVKL,2
AQR,AVKR,1
AQR,BAGL,2
AQR,BAGR,2
AQR,PVCR,2
AQR,PVPL,1
AQR,PVPL,7
AQR,PVPR,9
AQR,RIAL,3
AQR,RIAR,1
AQR,RIGL,2
AQR,RIGR,1
AQR,URXL,1
AS1,AVAL,3
AS1,AVAR,2
AS1,DA1,2
AS1,MDL05,3
AS1,MDL08,3
AS1,MDR05,3
AS1,MDR08,4
AS1,VA3,1
AS1,VD1,5
AS1,VD2,1
AS10,AVAL,1
AS10,AVAR,1
AS10,MDL19,3
AS10,MDL20,2
AS10,MDR19,3
AS10,MDR20,2
AS11,MDL21,1
AS11,MDL22,1
AS11,MDL23,1
AS11,MDL24,1
AS11,MDR21,1
AS11,MDR22,1
AS11,MDR23,1
AS11,MDR24,1
AS11,PDA,1
AS11,PDB,1
AS11,PDB,2
AS11,VD13,2
AS2,DA2,1
AS2,DB1,1
AS2,DD1,1
AS2,MDL07,3
AS2,MDL08,2
AS2,MDR07,3
AS2,MDR08,3
AS2,VA4,2
AS2,VD2,10
AS3,AVAL,2
AS3,AVAR,1
AS3,DA2,1
AS3,DA3,1
AS3,DD1,1
AS3,MDL09,3
AS3,MDL10,3
AS3,MDR09,3
AS3,MDR10,3
AS3,VA5,2
AS3,VD2,1
AS3,VD3,15
AS4,AS5,1
AS4,DA3,1
AS4,MDL11,2
AS4,MDL12,2
AS4,MDR11,3
AS4,MDR12,2
AS4,VD4,11
AS5,AVAL,1
AS5,AVAR,1
AS5,DD2,1
AS5,MDL11,2
AS5,MDL14,3
AS5,MDR11,2
AS5,MDR14,3
AS5,VA7,1
AS5,VD5,9
AS6,AVAL,1
AS6,AVAR,1
AS6,AVBR,1
AS6,DA5,2
AS6,MDL13,3
AS6,MDL14,2
AS6,MDR13,3
AS6,MDR14,2
AS6,VA8,1
AS6,VD6,13
AS7,AVAL,6
AS7,AVAR,5
AS7,AVBL,2
AS7,AVBR,2
AS7,MDL13,2
AS7,MDL16,3
AS7,MDR13,2
AS7,MDR16,3
AS8,AVAL,4
AS8,AVAR,3
AS8,MDL15,2
AS8,MDL18,3
AS8,MDR15,2
AS8,MDR18,3
AS9,AVAL,4
AS9,AVAR,1
AS9,AVAR,1
AS9,DVB,7
AS9,MDL17,2
AS9,MDL20,3
AS9,MDR17,2
AS9,MDR20,3
ASEL,ADFR,1
ASEL,AIAL,3
ASEL,AIBL,7
ASEL,AIBR,2
ASEL,AIYL,13
ASEL,AIYR,6
ASEL,AWCL,4
ASEL,AWCR,1
ASEL,RIAR,1
ASER,AFDL,1
ASER,AFDR,2
ASER,AIAL,1
ASER,AIAR,3
ASER,AIBL,2
ASER,AIBR,10
ASER,AIYL,2
ASER,AIYR,14
ASER,AWAR,1
ASER,AWCL,1
ASER,AWCR,1
ASGL,AIAL,9
ASGL,AIBL,3
ASGL,AINR,1
ASGL,AINR,1
ASGL,AIZL,1
ASGL,ASKL,1
ASGR,AIAR,10
ASGR,AIBR,2
ASGR,AINL,1
ASGR,AIYR,1
ASGR,AIZR,1
ASHL,ADAL,1
ASHL,ADAL,1
ASHL,ADFL,3
ASHL,AIAL,7
ASHL,AIBL,5
ASHL,AIZL,1
ASHL,ASHR,1
ASHL,ASKL,1
ASHL,AVAL,2
ASHL,AVBL,6
ASHL,AVDL,2
ASHL,AVDR,2
ASHL,RIAL,4
ASHL,RICL,2
ASHL,RIML,1
ASHL,RIPL,1
ASHL,RMGL,1
ASHR,ADAR,2
ASHR,ADAR,1
ASHR,ADFR,2
ASHR,AIAR,10
ASHR,AIBR,3
ASHR,AIZR,1
ASHR,ASHL,1
ASHR,ASKR,1
ASHR,AVAR,5
ASHR,AVBR,3
ASHR,AVDL,5
ASHR,AVDR,1
ASHR,AVER,3
ASHR,HSNR,1
ASHR,PVPR,1
ASHR,RIAR,2
ASHR,RICR,2
ASHR,RMGR,2
ASHR,RMGR,1
ASIL,AIAL,2
ASIL,AIBL,1
ASIL,AIYL,2
ASIL,AIZL,1
ASIL,ASER,1
ASIL,ASIR,1
ASIL,ASKL,2
ASIL,AWCL,1
ASIL,AWCR,1
ASIL,RIBL,1
ASIR,AIAL,1
ASIR,AIAR,3
ASIR,AIAR,2
ASIR,AIBR,1
ASIR,ASEL,2
ASIR,ASHR,1
ASIR,ASIL,1
ASIR,AWCL,1
ASIR,AWCR,1
ASJL,ASJR,1
ASJL,ASKL,4
ASJL,HSNL,1
ASJL,HSNR,1
ASJL,PVQL,14
ASJR,ASJL,1
ASJR,ASKR,4
ASJR,HSNR,1
ASJR,PVQR,13
ASKL,AIAL,11
ASKL,AIBL,2
ASKL,AIML,2
ASKL,ASKR,1
ASKL,PVQL,5
ASKL,RMGL,1
ASKR,AIAR,11
ASKR,AIMR,1
ASKR,ASHR,1
ASKR,ASKL,1
ASKR,AWAR,1
ASKR,CEPVR,1
ASKR,PVQR,4
ASKR,RIFR,1
ASKR,RMGR,1
AUAL,AINR,1
AUAL,AUAR,1
AUAL,AVAL,3
AUAL,AVDR,1
AUAL,AVEL,3
AUAL,AWBL,1
AUAL,RIAL,5
AUAL,RIBL,9
AUAR,AINL,1
AUAR,AIYR,1
AUAR,AUAL,1
AUAR,AVAR,1
AUAR,AVER,4
AUAR,AWBR,1
AUAR,RIAR,6
AUAR,RIBR,13
AUAR,URXR,1
AVAL,AS1,3
AVAL,AS10,2
AVAL,AS10,1
AVAL,AS11,4
AVAL,AS2,1
AVAL,AS3,1
AVAL,AS3,2
AVAL,AS4,1
AVAL,AS5,3
AVAL,AS5,1
AVAL,AS6,1
AVAL,AS7,8
AVAL,AS7,6
AVAL,AS8,5
AVAL,AS8,4
AVAL,AS9,8
AVAL,AS9,4
AVAL,AVAR,2
AVAL,AVAR,5
AVAL,AVBR,1
AVAL,AVDL,1
AVAL,AVHL,1
AVAL,AVJL,2
AVAL,DA1,2
AVAL,DA1,2
AVAL,DA2,2
AVAL,DA2,2
AVAL,DA3,6
AVAL,DA4,7
AVAL,DA4,3
AVAL,DA5,7
AVAL,DA5,1
AVAL,DA6,11
AVAL,DA6,10
AVAL,DA7,2
AVAL,DA7,2
AVAL,DA8,4
AVAL,DA9,3
AVAL,DB5,2
AVAL,DB6,1
AVAL,DB6,3
AVAL,FLPL,1
AVAL,LUAL,1
AVAL,LUAL,1
AVAL,PVCL,10
AVAL,PVCL,2
AVAL,PVCR,6
AVAL,PVCR,5
AVAL,PVPL,1
AVAL,RIMR,3
AVAL,SABD,4
AVAL,SABVR,1
AVAL,SDQR,1
AVAL,URYDL,1
AVAL,URYVR,1
AVAL,VA1,3
AVAL,VA10,5
AVAL,VA10,1
AVAL,VA11,6
AVAL,VA11,1
AVAL,VA12,2
AVAL,VA2,1
AVAL,VA2,4
AVAL,VA3,2
AVAL,VA3,1
AVAL,VA4,2
AVAL,VA4,1
AVAL,VA5,3
AVAL,VA5,5
AVAL,VA6,4
AVAL,VA6,6
AVAL,VA7,2
AVAL,VA8,9
AVAL,VA8,10
AVAL,VA9,7
AVAL,VA9,1
AVAL,VB9,5
AVAR,ADER,1
AVAR,AS1,1
AVAR,AS1,2
AVAR,AS10,1
AVAR,AS10,1
AVAR,AS11,6
AVAR,AS2,2
AVAR,AS3,1
AVAR,AS3,1
AVAR,AS4,1
AVAR,AS5,1
AVAR,AS5,1
AVAR,AS6,2
AVAR,AS6,1
AVAR,AS7,3
AVAR,AS7,5
AVAR,AS8,6
AVAR,AS8,3
AVAR,AS9,5
AVAR,AS9,1
AVAR,AVAL,1
AVAR,AVAL,5
AVAR,AVBL,1
AVAR,AVDL,1
AVAR,AVDR,2
AVAR,AVEL,2
AVAR,AVER,2
AVAR,DA1,2
AVAR,DA1,6
AVAR,DA2,2
AVAR,DA2,2
AVAR,DA3,3
AVAR,DA3,2
AVAR,DA4,6
AVAR,DA4,2
AVAR,DA5,2
AVAR,DA5,5
AVAR,DA6,11
AVAR,DA6,2
AVAR,DA7,3
AVAR,DA8,8
AVAR,DA8,1
AVAR,DA9,2
AVAR,DB3,1
AVAR,DB5,1
AVAR,DB5,2
AVAR,DB6,5
AVAR,LUAL,1
AVAR,LUAR,3
AVAR,PDEL,1
AVAR,PDER,1
AVAR,PVCL,7
AVAR,PVCR,5
AVAR,PVCR,3
AVAR,RIGL,1
AVAR,RIML,2
AVAR,RIMR,1
AVAR,SABD,1
AVAR,SABVL,3
AVAR,SABVL,3
AVAR,SABVR,1
AVAR,URYDR,1
AVAR,URYVL,1
AVAR,VA10,4
AVAR,VA10,1
AVAR,VA11,8
AVAR,VA11,7
AVAR,VA12,1
AVAR,VA2,2
AVAR,VA3,5
AVAR,VA3,2
AVAR,VA4,2
AVAR,VA4,3
AVAR,VA5,1
AVAR,VA5,3
AVAR,VA6,3
AVAR,VA6,2
AVAR,VA7,4
AVAR,VA8,12
AVAR,VA8,4
AVAR,VA9,6
AVAR,VB9,4
AVAR,VD13,2
AVBL,AQR,1
AVBL,AS10,1
AVBL,AS3,1
AVBL,AS4,1
AVBL,AS5,1
AVBL,AS6,1
AVBL,AS7,2
AVBL,AS9,1
AVBL,AVAL,7
AVBL,AVAR,7
AVBL,AVBR,1
AVBL,AVBR,3
AVBL,AVDL,1
AVBL,AVDR,2
AVBL,AVEL,1
AVBL,AVER,2
AVBL,AVL,1
AVBL,DB3,1
AVBL,DB4,1
AVBL,DB5,1
AVBL,DB6,2
AVBL,DB7,2
AVBL,DVA,1
AVBL,PVNR,1
AVBL,RIBL,1
AVBL,RIBR,1
AVBL,RID,1
AVBL,SDQR,1
AVBL,SIBVL,1
AVBL,VA10,1
AVBL,VA2,1
AVBL,VA7,1
AVBL,VB1,1
AVBL,VB10,2
AVBL,VB11,2
AVBL,VB2,1
AVBL,VB2,3
AVBL,VB4,1
AVBL,VB5,1
AVBL,VB6,1
AVBL,VB7,2
AVBL,VB8,7
AVBL,VB9,1
AVBL,VC3,1
AVBR,AS1,1
AVBR,AS10,1
AVBR,AS3,1
AVBR,AS4,1
AVBR,AS5,1
AVBR,AS6,1
AVBR,AS6,1
AVBR,AS7,1
AVBR,AS7,2
AVBR,AVAL,6
AVBR,AVAR,7
AVBR,AVBL,1
AVBR,AVBL,3
AVBR,DA5,1
AVBR,DB1,3
AVBR,DB2,1
AVBR,DB3,1
AVBR,DB4,1
AVBR,DB5,1
AVBR,DB6,1
AVBR,DB7,1
AVBR,DD1,1
AVBR,DVA,1
AVBR,HSNR,1
AVBR,PVNL,2
AVBR,RIBL,1
AVBR,RIBR,1
AVBR,RID,2
AVBR,SIBVL,1
AVBR,VA4,1
AVBR,VA8,1
AVBR,VA9,1
AVBR,VA9,1
AVBR,VB10,1
AVBR,VB11,1
AVBR,VB2,1
AVBR,VB3,1
AVBR,VB4,1
AVBR,VB6,2
AVBR,VB7,2
AVBR,VB8,3
AVBR,VB9,6
AVBR,VD10,1
AVBR,VD3,1
AVDL,ADAR,2
AVDL,AS1,1
AVDL,AS10,1
AVDL,AS11,2
AVDL,AS4,1
AVDL,AS5,1
AVDL,AVAL,13
AVDL,AVAR,19
AVDL,AVM,2
AVDL,DA1,1
AVDL,DA2,1
AVDL,DA3,4
AVDL,DA4,1
AVDL,DA5,1
AVDL,DA8,1
AVDL,FLPL,1
AVDL,FLPR,1
AVDL,LUAL,1
AVDL,PVCL,1
AVDL,SABD,1
AVDL,SABVL,1
AVDL,SABVR,1
AVDL,VA5,1
AVDR,ADAL,2
AVDR,ADLL,1
AVDR,AS10,1
AVDR,AS5,1
AVDR,AVAL,16
AVDR,AVAR,15
AVDR,AVBL,1
AVDR,AVDL,2
AVDR,AVJL,2
AVDR,DA1,2
AVDR,DA2,1
AVDR,DA3,1
AVDR,DA4,1
AVDR,DA5,2
AVDR,DA8,1
AVDR,DA9,1
AVDR,DB4,1
AVDR,DVC,1
AVDR,FLPR,1
AVDR,LUAL,2
AVDR,PQR,1
AVDR,SABD,1
AVDR,SABVL,3
AVDR,SABVR,1
AVDR,VA11,1
AVDR,VA2,1
AVDR,VA3,2
AVDR,VA6,1
AVEL,AS1,1
AVEL,AVAL,12
AVEL,AVAR,7
AVEL,AVER,1
AVEL,DA1,5
AVEL,DA2,1
AVEL,DA3,3
AVEL,DA4,1
AVEL,PVCR,1
AVEL,PVT,1
AVEL,RIML,2
AVEL,RIMR,3
AVEL,RMDVR,1
AVEL,RMEV,1
AVEL,SABD,6
AVEL,SABVL,7
AVEL,SABVR,3
AVEL,VA1,5
AVEL,VA3,3
AVEL,VD2,1
AVEL,VD3,1
AVER,AS1,3
AVER,AS2,2
AVER,AS3,1
AVER,AVAL,7
AVER,AVAR,16
AVER,AVDR,1
AVER,AVEL,1
AVER,DA1,5
AVER,DA2,3
AVER,DA3,1
AVER,DB3,1
AVER,RIML,3
AVER,RIMR,2
AVER,RMDVL,1
AVER,RMDVR,1
AVER,RMEV,1
AVER,SABD,2
AVER,SABVL,3
AVER,SABVR,3
AVER,VA1,1
AVER,VA2,1
AVER,VA3,2
AVER,VA4,1
AVER,VA5,1
AVFL,AVBL,1
AVFL,AVBR,2
AVFL,AVFR,7
AVFL,AVFR,23
AVFL,AVG,1
AVFL,AVHL,2
AVFL,AVHL,2
AVFL,AVHR,4
AVFL,AVHR,3
AVFL,AVJL,1
AVFL,AVJR,1
AVFL,AVL,1
AVFL,HSNL,1
AVFL,MVL11,1
AVFL,MVL12,1
AVFL,PDER,1
AVFL,PVNL,2
AVFL,PVQL,1
AVFL,PVQR,1
AVFL,PVQR,1
AVFL,VB1,1
AVFR,ASJL,1
AVFR,ASKL,1
AVFR,AVBL,1
AVFR,AVBR,5
AVFR,AVFL,1
AVFR,AVFL,23
AVFR,AVHL,2
AVFR,AVHL,2
AVFR,AVHR,1
AVFR,AVHR,1
AVFR,AVJL,1
AVFR,AVJR,1
AVFR,HSNR,1
AVFR,MVL14,2
AVFR,MVR14,2
AVFR,PVQL,1
AVFR,VC4,1
AVFR,VD11,1
AVG,AVAR,3
AVG,AVBL,1
AVG,AVBR,2
AVG,AVDR,1
AVG,AVEL,1
AVG,AVER,1
AVG,AVFL,1
AVG,AVJL,1
AVG,AVL,1
AVG,DA8,1
AVG,PHAL,2
AVG,PVCL,1
AVG,PVNR,1
AVG,PVPR,1
AVG,PVQR,1
AVG,PVT,1
AVG,RIFL,1
AVG,RIFR,1
AVG,VA11,1
AVHL,ADFR,3
AVHL,AVBL,1
AVHL,AVBR,1
AVHL,AVDL,1
AVHL,AVFL,1
AVHL,AVFL,2
AVHL,AVFR,3
AVHL,AVFR,2
AVHL,AVHR,1
AVHL,AVHR,1
AVHL,AVJL,3
AVHL,AWBR,1
AVHL,PHBR,1
AVHL,PVPR,2
AVHL,PVQL,1
AVHL,PVQR,2
AVHL,RIMR,1
AVHL,RIR,3
AVHL,SMBDR,1
AVHL,SMBVR,2
AVHL,VD1,1
AVHR,ADLL,1
AVHR,ADLR,2
AVHR,AQR,2
AVHR,AVBL,2
AVHR,AVBR,1
AVHR,AVDR,1
AVHR,AVFL,2
AVHR,AVFL,3
AVHR,AVFR,1
AVHR,AVFR,1
AVHR,AVHL,1
AVHR,AVHL,1
AVHR,AVJR,4
AVHR,PVNL,1
AVHR,PVPL,3
AVHR,RIGL,1
AVHR,RIR,4
AVHR,SMBDL,1
AVHR,SMBVL,1
AVJL,AVAL,2
AVJL,AVAR,1
AVJL,AVBL,1
AVJL,AVBR,4
AVJL,AVDL,1
AVJL,AVDR,2
AVJL,AVEL,1
AVJL,AVFR,1
AVJL,AVHL,2
AVJL,AVJR,4
AVJL,HSNR,1
AVJL,PLMR,2
AVJL,PVCL,1
AVJL,PVCL,1
AVJL,PVCR,2
AVJL,PVCR,3
AVJL,PVNR,1
AVJL,RIFR,1
AVJL,RIS,1
AVJL,RIS,1
AVJR,AVAL,1
AVJR,AVAR,1
AVJR,AVBL,3
AVJR,AVBR,1
AVJR,AVDL,1
AVJR,AVDR,3
AVJR,AVER,3
AVJR,AVJL,1
AVJR,AVJL,4
AVJR,PVCL,2
AVJR,PVCL,1
AVJR,PVCR,4
AVJR,PVQR,1
AVJR,SABVL,1
AVKL,ADER,1
AVKL,AQR,2
AVKL,AVBL,1
AVKL,AVEL,2
AVKL,AVER,1
AVKL,AVKR,2
AVKL,AVM,1
AVKL,DVA,1
AVKL,PDEL,3
AVKL,PDER,1
AVKL,PVM,1
AVKL,PVPL,1
AVKL,PVPR,1
AVKL,PVT,2
AVKL,RICL,1
AVKL,RICR,1
AVKL,RIGL,1
AVKL,RIML,2
AVKL,RIMR,1
AVKL,RMFR,1
AVKL,SAADR,1
AVKL,SIAVR,1
AVKL,SMBDL,1
AVKL,SMBDR,1
AVKL,SMBVR,1
AVKL,SMDDR,1
AVKL,VB1,4
AVKL,VB10,1
AVKR,ADEL,1
AVKR,AQR,1
AVKR,AVKL,2
AVKR,BDUL,1
AVKR,MVL10,1
AVKR,PVPL,6
AVKR,PVQL,1
AVKR,RICL,1
AVKR,RIGR,1
AVKR,RIML,2
AVKR,RIMR,2
AVKR,RMDR,1
AVKR,RMFL,1
AVKR,SAADL,1
AVKR,SMBDL,1
AVKR,SMBDL,1
AVKR,SMBDR,2
AVKR,SMBVR,1
AVKR,SMDDL,1
AVKR,SMDDR,2
AVL,AVEL,1
AVL,AVFR,1
AVL,DA2,1
AVL,DD1,1
AVL,DD6,2
AVL,DVB,1
AVL,DVC,9
AVL,HSNR,1
AVL,MVL10,-5
AVL,MVR10,-5
AVL,PVM,1
AVL,PVPR,1
AVL,PVWL,1
AVL,SABD,5
AVL,SABVL,4
AVL,SABVR,3
AVL,VD12,4
AVM,ADER,1
AVM,ALML,1
AVM,ALMR,1
AVM,AVBL,6
AVM,AVBR,6
AVM,AVDL,2
AVM,AVJR,1
AVM,BDUL,3
AVM,BDUR,2
AVM,DA1,1
AVM,PVCL,4
AVM,PVCR,5
AVM,PVNL,1
AVM,PVR,3
AVM,RID,1
AVM,SIBVL,1
AVM,VA1,2
AWAL,ADAL,1
AWAL,AFDL,5
AWAL,AIAL,1
AWAL,AIYL,1
AWAL,AIZL,10
AWAL,ASEL,4
AWAL,ASGL,1
AWAL,AWAR,1
AWAL,AWBL,1
AWAR,ADFR,3
AWAR,AFDR,7
AWAR,AIAR,1
AWAR,AIYR,2
AWAR,AIZR,7
AWAR,AIZR,1
AWAR,ASEL,1
AWAR,ASER,2
AWAR,AUAR,1
AWAR,AWAL,1
AWAR,AWBR,1
AWAR,RIFR,2
AWAR,RIGR,1
AWAR,RIR,2
AWBL,ADFL,9
AWBL,AIBR,1
AWBL,AIZL,9
AWBL,AUAL,1
AWBL,AVBL,1
AWBL,AWBR,1
AWBL,RIAL,3
AWBL,RMGL,1
AWBL,SMBDL,1
AWBR,ADFR,4
AWBR,AIZR,4
AWBR,ASGR,1
AWBR,ASHR,2
AWBR,AUAR,1
AWBR,AVBR,2
AWBR,AWBL,1
AWBR,RIAR,1
AWBR,RICL,1
AWBR,RIR,2
AWBR,RMGR,1
AWBR,SMBVR,1
AWCL,AIAL,2
AWCL,AIAR,4
AWCL,AIBL,1
AWCL,AIBR,1
AWCL,AIYL,10
AWCL,ASEL,1
AWCL,AVAL,1
AWCL,AWCR,1
AWCL,RIAL,3
AWCR,AIAR,1
AWCR,AIBR,4
AWCR,AIYL,4
AWCR,AIYR,9
AWCR,ASEL,1
AWCR,ASGR,1
AWCR,AWCL,5
BAGL,AIBL,1
BAGL,AVAR,1
BAGL,AVEL,1
BAGL,AVER,4
BAGL,BAGR,1
BAGL,BAGR,1
BAGL,RIAR,5
BAGL,RIBL,1
BAGL,RIBR,7
BAGL,RIGL,1
BAGL,RIGR,4
BAGL,RIGR,1
BAGL,RIR,1
BAGR,AIYL,1
BAGR,AVAL,1
BAGR,AVEL,2
BAGR,BAGL,1
BAGR,RIAL,5
BAGR,RIBL,4
BAGR,RIGL,5
BAGR,RIGL,1
BAGR,RIR,1
BDUL,ADEL,3
BDUL,AVHL,1
BDUL,AVJR,1
BDUL,HSNL,1
BDUL,PVNL,2
BDUL,PVNR,2
BDUL,SAADL,1
BDUL,URADL,1
BDUR,ADER,1
BDUR,ALMR,1
BDUR,AVAL,3
BDUR,AVHL,1
BDUR,AVJL,2
BDUR,HSNR,4
BDUR,PVCL,1
BDUR,PVNL,2
BDUR,PVNR,1
BDUR,SDQL,1
BDUR,URADR,1
CEPDL,AVER,5
CEPDL,IL1DL,4
CEPDL,OLLL,2
CEPDL,OLQDL,6
CEPDL,OLQDL,1
CEPDL,RIBL,2
CEPDL,RICL,1
CEPDL,RICR,2
CEPDL,RIH,1
CEPDL,RIPL,2
CEPDL,RIS,1
CEPDL,RMDVL,3
CEPDL,RMGL,4
CEPDL,RMHR,4
CEPDL,SIADR,1
CEPDL,SMBDR,1
CEPDL,URADL,2
CEPDL,URBL,4
CEPDL,URYDL,2
CEPDR,AVEL,6
CEPDR,BDUR,1
CEPDR,IL1DR,5
CEPDR,IL1R,1
CEPDR,OLLR,8
CEPDR,OLQDR,5
CEPDR,OLQDR,2
CEPDR,RIBR,1
CEPDR,RICL,4
CEPDR,RICR,3
CEPDR,RIH,1
CEPDR,RIS,1
CEPDR,RMDDL,1
CEPDR,RMDVR,2
CEPDR,RMGR,1
CEPDR,RMHL,4
CEPDR,RMHR,1
CEPDR,SIADL,1
CEPDR,SMBDR,1
CEPDR,URADR,1
CEPDR,URBR,2
CEPDR,URYDR,1
CEPVL,ADLL,1
CEPVL,AVER,3
CEPVL,IL1VL,2
CEPVL,MVL03,1
CEPVL,OLLL,4
CEPVL,OLQVL,6
CEPVL,OLQVL,1
CEPVL,RICL,7
CEPVL,RICR,4
CEPVL,RIH,1
CEPVL,RIPL,1
CEPVL,RMDDL,4
CEPVL,RMHL,1
CEPVL,SIAVL,1
CEPVL,URAVL,2
CEPVR,ASGR,1
CEPVR,AVEL,5
CEPVR,IL1VR,1
CEPVR,IL2VR,2
CEPVR,MVR04,1
CEPVR,OLLR,7
CEPVR,OLQVR,3
CEPVR,OLQVR,1
CEPVR,RICL,2
CEPVR,RICR,2
CEPVR,RIH,1
CEPVR,RIPR,1
CEPVR,RIVL,1
CEPVR,RMDDR,2
CEPVR,RMHR,2
CEPVR,SIAVR,2
CEPVR,URAVR,1
DA1,AVAL,2
DA1,AVAR,6
DA1,DA4,1
DA1,DD1,4
DA1,MDL08,8
DA1,MDR08,8
DA1,SABVL,2
DA1,SABVR,3
DA1,VD1,17
DA1,VD2,1
DA2,AS2,1
DA2,AS3,1
DA2,AVAL,2
DA2,AVAR,2
DA2,DD1,1
DA2,MDL07,2
DA2,MDL08,1
DA2,MDL09,2
DA2,MDL10,2
DA2,MDR07,2
DA2,MDR08,2
DA2,MDR09,2
DA2,MDR10,2
DA2,SABVL,1
DA2,VA1,2
DA2,VD1,2
DA2,VD2,11
DA2,VD3,5
DA3,AS4,1
DA3,AS4,1
DA3,AVAR,2
DA3,DA4,2
DA3,DB3,1
DA3,DD2,1
DA3,MDL09,5
DA3,MDL10,5
DA3,MDL12,5
DA3,MDR09,5
DA3,MDR10,5
DA3,MDR12,5
DA3,VD3,25
DA3,VD4,6
DA4,AVAL,3
DA4,AVAR,2
DA4,DA1,1
DA4,DA3,1
DA4,DB3,1
DA4,DB3,1
DA4,DD2,1
DA4,MDL11,4
DA4,MDL12,4
DA4,MDL14,5
DA4,MDR11,4
DA4,MDR12,4
DA4,MDR14,5
DA4,VB6,1
DA4,VD4,12
DA4,VD5,15
DA5,AS6,2
DA5,AVAL,1
DA5,AVAR,5
DA5,DB4,1
DA5,MDL13,5
DA5,MDL14,4
DA5,MDR13,5
DA5,MDR14,4
DA5,VA4,1
DA5,VA5,2
DA5,VD5,1
DA5,VD6,16
DA6,AVAL,10
DA6,AVAR,2
DA6,MDL11,6
DA6,MDL12,4
DA6,MDL13,4
DA6,MDL14,4
DA6,MDL16,4
DA6,MDR11,4
DA6,MDR12,4
DA6,MDR13,4
DA6,MDR14,4
DA6,MDR16,4
DA6,VD4,4
DA6,VD5,3
DA6,VD6,3
DA7,AVAL,2
DA7,MDL15,4
DA7,MDL17,4
DA7,MDL18,4
DA7,MDR15,4
DA7,MDR17,4
DA7,MDR18,4
DA8,AVAR,1
DA8,DA9,1
DA8,MDL17,4
DA8,MDL19,4
DA8,MDL20,4
DA8,MDR17,4
DA8,MDR19,4
DA8,MDR20,4
DA9,DA8,1
DA9,DD6,1
DA9,MDL19,4
DA9,MDL21,4
DA9,MDL22,4
DA9,MDL23,4
DA9,MDL24,4
DA9,MDR19,4
DA9,MDR21,4
DA9,MDR22,4
DA9,MDR23,4
DA9,MDR24,4
DA9,PDA,1
DA9,PHCL,1
DA9,RID,1
DA9,VD13,1
DB1,AIBR,1
DB1,AS1,1
DB1,AS2,1
DB1,AS3,1
DB1,AVBR,3
DB1,DB2,1
DB1,DB4,1
DB1,DD1,10
DB1,DVA,1
DB1,MDL07,1
DB1,MDL08,1
DB1,MDR07,1
DB1,MDR08,1
DB1,RID,1
DB1,RIS,1
DB1,VB3,1
DB1,VB4,1
DB1,VD1,21
DB1,VD2,15
DB1,VD3,1
DB2,AVBR,1
DB2,DA3,5
DB2,DB1,1
DB2,DB3,6
DB2,DD2,2
DB2,MDL09,3
DB2,MDL10,3
DB2,MDL11,3
DB2,MDL12,3
DB2,MDR09,3
DB2,MDR10,3
DB2,MDR11,3
DB2,MDR12,3
DB2,VB1,2
DB2,VD3,23
DB2,VD4,14
DB2,VD5,1
DB3,AS4,1
DB3,AS5,1
DB3,AVBL,1
DB3,AVBR,1
DB3,DA4,1
DB3,DB2,6
DB3,DB4,1
DB3,DD2,4
DB3,DD3,10
DB3,MDL11,3
DB3,MDL12,3
DB3,MDL13,4
DB3,MDL14,3
DB3,MDR11,3
DB3,MDR12,3
DB3,MDR13,4
DB3,MDR14,3
DB3,VD4,9
DB3,VD5,26
DB3,VD6,7
DB4,AVBL,1
DB4,AVBR,1
DB4,DB1,1
DB4,DB3,1
DB4,DD3,3
DB4,MDL13,2
DB4,MDL14,2
DB4,MDL16,2
DB4,MDR13,2
DB4,MDR14,2
DB4,MDR16,2
DB4,VB2,1
DB4,VB4,1
DB4,VD6,13
DB5,AVAR,2
DB5,AVBL,1
DB5,AVBR,1
DB5,MDL15,2
DB5,MDL17,2
DB5,MDL18,2
DB5,MDR15,2
DB5,MDR17,2
DB5,MDR18,2
DB6,AVAL,3
DB6,AVBL,2
DB6,AVBR,1
DB6,MDL17,2
DB6,MDL19,2
DB6,MDL20,2
DB6,MDR17,2
DB6,MDR19,2
DB6,MDR20,2
DB7,AVBL,2
DB7,AVBR,1
DB7,MDL19,2
DB7,MDL21,2
DB7,MDL22,2
DB7,MDL23,2
DB7,MDL24,2
DB7,MDR19,2
DB7,MDR21,2
DB7,MDR22,2
DB7,MDR23,2
DB7,MDR24,2
DB7,VD13,2
DD1,AVBR,1
DD1,DA2,2
DD1,DD2,1
DD1,MDL07,-4
DD1,MDL08,-4
DD1,MDL09,-5
DD1,MDL10,-4
DD1,MDR07,-4
DD1,MDR08,-4
DD1,MDR09,-5
DD1,MDR10,-4
DD1,VD1,4
DD1,VD2,1
DD1,VD2,2
DD2,DA3,1
DD2,DD1,1
DD2,DD3,2
DD2,MDL09,-4
DD2,MDL11,-5
DD2,MDL12,-4
DD2,MDR09,-4
DD2,MDR11,-5
DD2,MDR12,-4
DD2,VD3,1
DD2,VD4,1
DD2,VD4,2
DD3,DD2,2
DD3,DD4,1
DD3,MDL11,-5
DD3,MDL13,-6
DD3,MDL14,-5
DD3,MDR11,-5
DD3,MDR13,-6
DD3,MDR14,-5
DD4,DD3,1
DD4,MDL13,-5
DD4,MDL15,-5
DD4,MDL16,-5
DD4,MDR13,-5
DD4,MDR15,-5
DD4,MDR16,-5
DD4,VC3,1
DD4,VD8,1
DD5,MDL17,-5
DD5,MDL18,-5
DD5,MDL20,-5
DD5,MDR17,-5
DD5,MDR18,-5
DD5,MDR20,-5
DD5,VB8,1
DD5,VD10,1
DD5,VD9,1
DD6,MDL19,-5
DD6,MDL21,-5
DD6,MDL22,-5
DD6,MDL23,-5
DD6,MDL24,-5
DD6,MDR19,-5
DD6,MDR21,-5
DD6,MDR22,-5
DD6,MDR23,-5
DD6,MDR24,-5
DVA,AIZL,3
DVA,AQR,4
DVA,AUAL,1
DVA,AUAR,1
DVA,AVAL,3
DVA,AVAR,1
DVA,AVBL,1
DVA,AVBL,1
DVA,AVBR,1
DVA,AVEL,9
DVA,AVER,5
DVA,DB1,1
DVA,DB2,1
DVA,DB3,2
DVA,DB4,1
DVA,DB5,1
DVA,DB6,2
DVA,DB7,1
DVA,PDEL,3
DVA,PVCL,3
DVA,PVCL,1
DVA,PVCR,1
DVA,PVR,3
DVA,PVR,2
DVA,RIAL,1
DVA,RIAR,1
DVA,RIMR,1
DVA,RIR,3
DVA,SAADR,1
DVA,SAAVL,1
DVA,SAAVR,1
DVA,SABD,1
DVA,SMBDL,3
DVA,SMBDR,2
DVA,SMBVL,3
DVA,SMBVR,2
DVA,VA12,1
DVA,VA2,1
DVA,VB1,1
DVA,VB11,2
DVB,AS9,7
DVB,AVL,5
DVB,AVL,1
DVB,DA8,2
DVB,DD6,3
DVB,DVC,3
DVB,MANAL,-5
DVB,PDA,1
DVB,PHCL,1
DVB,PVPL,1
DVB,VA9,1
DVB,VB9,1
DVC,AIBL,1
DVC,AIBL,1
DVC,AIBR,3
DVC,AIBR,2
DVC,AVAL,5
DVC,AVAR,7
DVC,AVBL,1
DVC,AVKL,2
DVC,AVKR,1
DVC,AVL,9
DVC,PVPL,2
DVC,PVPR,13
DVC,PVT,1
DVC,RIBL,1
DVC,RIBR,1
DVC,RIGL,5
DVC,RIGR,5
DVC,RMFL,2
DVC,RMFR,4
DVC,VA9,1
DVC,VD1,5
DVC,VD10,4
FLPL,ADEL,2
FLPL,ADER,2
FLPL,AIBL,1
FLPL,AIBR,2
FLPL,AVAL,14
FLPL,AVAL,1
FLPL,AVAR,17
FLPL,AVBL,4
FLPL,AVBR,5
FLPL,AVDL,6
FLPL,AVDL,1
FLPL,AVDR,13
FLPL,DVA,1
FLPL,FLPR,1
FLPL,FLPR,2
FLPL,RIH,1
FLPR,ADER,1
FLPR,AIBR,1
FLPR,AVAL,12
FLPR,AVAR,5
FLPR,AVBL,5
FLPR,AVBR,1
FLPR,AVDL,10
FLPR,AVDL,1
FLPR,AVDR,1
FLPR,AVDR,1
FLPR,AVEL,4
FLPR,AVER,2
FLPR,AVJR,1
FLPR,DVA,1
FLPR,FLPL,2
FLPR,FLPL,2
FLPR,PVCL,2
FLPR,VB1,1
HSNL,AIAL,1
HSNL,AIZL,2
HSNL,AIZR,1
HSNL,ASHL,1
HSNL,ASHR,2
HSNL,ASJR,1
HSNL,ASKL,1
HSNL,AVDR,2
HSNL,AVFL,6
HSNL,AVJL,1
HSNL,AWBL,1
HSNL,AWBR,2
HSNL,HSNR,3
HSNL,HSNR,1
HSNL,MVULVA,7
HSNL,RIFL,3
HSNL,RIML,2
HSNL,SABVL,2
HSNL,VC5,3
HSNR,AIBL,1
HSNR,AIBR,1
HSNR,AIZL,1
HSNR,AIZR,1
HSNR,AS5,1
HSNR,ASHL,2
HSNR,AVDR,1
HSNR,AVFL,1
HSNR,AVJL,1
HSNR,AVL,1
HSNR,AWBL,1
HSNR,BDUR,1
HSNR,DA5,1
HSNR,DA6,1
HSNR,HSNL,1
HSNR,HSNL,1
HSNR,MVULVA,6
HSNR,PVNR,1
HSNR,PVNR,1
HSNR,PVQR,1
HSNR,RIFR,4
HSNR,RMGR,1
HSNR,SABD,1
HSNR,SABVR,1
HSNR,VA6,1
HSNR,VC2,3
HSNR,VC3,1
HSNR,VD4,2
I1L,I1R,1
I1L,I3,1
I1L,I5,1
I1L,RIPL,1
I1L,RIPR,1
I1R,I1L,1
I1R,I3,1
I1R,I5,1
I1R,RIPL,1
I1R,RIPR,1
I2L,I1L,1
I2L,I1R,1
I2L,M1,2
I2L,M1,2
I2R,I1L,1
I2R,I1R,1
I2R,M1,2
I2R,M1,2
I3,M1,2
I3,M1,2
I3,M2L,1
I3,M2L,1
I3,M2R,1
I3,M2R,1
I4,I2L,5
I4,I2R,5
I4,I5,2
I4,M1,2
I4,M1,2
I5,I1L,3
I5,I1L,1
I5,I1R,2
I5,I1R,1
I5,M1,1
I5,M1,1
I5,M5,1
I5,M5,1
I5,MI,2
I5,MI,2
I6,I2L,2
I6,I2R,2
I6,I3,1
I6,M4,1
I6,M5,2
I6,NSML,2
I6,NSMR,2
IL1DL,IL1DR,1
IL1DL,IL1L,1
IL1DL,MDL01,1
IL1DL,MDL02,1
IL1DL,MDL04,2
IL1DL,OLLL,1
IL1DL,PVR,1
IL1DL,RIH,1
IL1DL,RIPL,2
IL1DL,RMDDR,1
IL1DL,RMDVL,4
IL1DL,RMEV,1
IL1DL,URYDL,1
IL1DR,IL1DL,1
IL1DR,IL1R,1
IL1DR,MDR01,4
IL1DR,MDR02,3
IL1DR,OLLR,1
IL1DR,RIPR,5
IL1DR,RMDVR,5
IL1DR,RMEV,1
IL1L,AVER,2
IL1L,IL1DL,1
IL1L,IL1DL,1
IL1L,IL1VL,1
IL1L,MDL01,3
IL1L,MDL03,3
IL1L,MDL05,4
IL1L,MVL01,3
IL1L,MVL03,3
IL1L,RMDDL,5
IL1L,RMDL,1
IL1L,RMDR,3
IL1L,RMDVL,4
IL1L,RMDVR,2
IL1L,RMER,1
IL1R,AVEL,1
IL1R,AVER,1
IL1R,IL1DR,1
IL1R,IL1DR,1
IL1R,IL1VR,1
IL1R,MDR01,3
IL1R,MDR03,3
IL1R,MVR01,3
IL1R,MVR03,3
IL1R,RMDDL,3
IL1R,RMDDR,2
IL1R,RMDL,4
IL1R,RMDR,2
IL1R,RMDVL,1
IL1R,RMDVR,4
IL1R,RMEL,2
IL1R,RMHL,1
IL1R,URXR,2
IL1VL,IL1L,1
IL1VL,IL1L,1
IL1VL,IL1VR,1
IL1VL,MVL01,5
IL1VL,MVL02,4
IL1VL,RIPL,4
IL1VL,RMDDL,5
IL1VL,RMED,1
IL1VL,URYVL,1
IL1VR,IL1R,1
IL1VR,IL1R,1
IL1VR,IL1VL,1
IL1VR,IL2R,1
IL1VR,IL2VR,1
IL1VR,MVR01,5
IL1VR,MVR02,5
IL1VR,RIPR,6
IL1VR,RMDDR,10
IL1VR,RMER,1
IL2DL,AUAL,1
IL2DL,IL1DL,7
IL2DL,OLQDL,2
IL2DL,RIBL,1
IL2DL,RIPL,10
IL2DL,RMEL,4
IL2DL,RMER,3
IL2DL,URADL,3
IL2DR,CEPDR,1
IL2DR,IL1DR,7
IL2DR,RICR,1
IL2DR,RIPR,11
IL2DR,RMED,1
IL2DR,RMEL,2
IL2DR,RMER,2
IL2DR,RMEV,1
IL2DR,URADR,3
IL2L,ADEL,2
IL2L,AVEL,1
IL2L,IL1L,1
IL2L,OLQDL,5
IL2L,OLQVL,8
IL2L,RICL,1
IL2L,RIH,7
IL2L,RMDL,3
IL2L,RMDR,1
IL2L,RMER,2
IL2L,RMEV,2
IL2L,RMGL,1
IL2L,URXL,2
IL2R,ADER,1
IL2R,IL1R,1
IL2R,IL1VR,1
IL2R,OLLR,1
IL2R,OLQDR,2
IL2R,OLQVR,7
IL2R,RIH,6
IL2R,RMDL,1
IL2R,RMEL,2
IL2R,RMEV,1
IL2R,RMGR,1
IL2R,URBR,1
IL2R,URXR,1
IL2VL,BAGR,1
IL2VL,IL1VL,7
IL2VL,IL2L,1
IL2VL,OLQVL,1
IL2VL,RIAL,1
IL2VL,RIH,2
IL2VL,RIPL,11
IL2VL,RMEL,1
IL2VL,RMER,4
IL2VL,RMEV,1
IL2VL,URAVL,3
IL2VR,IL1VR,6
IL2VR,OLQVR,1
IL2VR,RIAR,2
IL2VR,RIH,3
IL2VR,RIPR,15
IL2VR,RMEL,3
IL2VR,RMER,2
IL2VR,RMEV,3
IL2VR,URAVR,4
IL2VR,URXR,1
LUAL,AVAL,5
LUAL,AVAL,1
LUAL,AVAR,6
LUAL,AVDL,4
LUAL,AVDR,2
LUAL,AVJL,1
LUAL,PHBL,1
LUAL,PLML,1
LUAL,PVNL,1
LUAL,PVR,1
LUAL,PVWL,1
LUAR,AVAL,3
LUAR,AVAR,7
LUAR,AVDL,1
LUAR,AVDR,3
LUAR,AVJR,1
LUAR,PLMR,1
LUAR,PQR,1
LUAR,PVCR,3
LUAR,PVR,1
LUAR,PVR,1
LUAR,PVWL,1
M1,I2L,2
M1,I2R,2
M1,I3,1
M1,I4,1
M2L,I1L,3
M2L,I1R,3
M2L,I3,2
M2L,I3,1
M2L,M2R,1
M2L,M5,1
M2L,MI,2
M2L,MI,2
M2R,I1L,3
M2R,I1R,3
M2R,I3,2
M2R,I3,1
M2R,M3L,1
M2R,M3R,1
M2R,M5,1
M2R,MI,2
M2R,MI,2
M3L,I1L,4
M3L,I1R,4
M3L,I4,2
M3L,I5,3
M3L,I6,1
M3L,M1,1
M3L,M1,1
M3L,M3R,1
M3L,MCL,1
M3L,MCR,1
M3L,MI,1
M3L,MI,1
M3L,NSML,2
M3L,NSMR,3
M3R,I1L,4
M3R,I1R,4
M3R,I3,2
M3R,I4,6
M3R,I5,3
M3R,I6,1
M3R,M1,1
M3R,M1,1
M3R,M3L,1
M3R,MCL,1
M3R,MCR,1
M3R,MI,1
M3R,MI,1
M3R,NSML,2
M3R,NSMR,3
M4,I3,1
M4,I5,13
M4,I6,2
M4,I6,1
M4,M2L,1
M4,M2R,1
M4,M4,6
M4,M5,1
M4,NSML,1
M4,NSMR,1
M5,I5,3
M5,I5,1
M5,I6,1
M5,M1,1
M5,M1,1
M5,M2L,2
M5,M2R,2
M5,M5,4
MCL,I1L,3
MCL,I1R,3
MCL,I2L,1
MCL,I2R,1
MCL,I3,1
MCL,M1,1
MCL,M1,1
MCL,M2L,2
MCL,M2R,2
MCR,I1L,3
MCR,I1R,3
MCR,I3,1
MCR,M1,1
MCR,M1,1
MCR,M2L,2
MCR,M2R,2
MI,I1L,1
MI,I1R,1
MI,I3,1
MI,I4,1
MI,I5,2
MI,M1,1
MI,M2L,2
MI,M2R,2
MI,M3L,1
MI,M3R,1
MI,MCL,2
MI,MCR,2
NSML,I1L,1
NSML,I1R,2
NSML,I2L,6
NSML,I2R,6
NSML,I3,2
NSML,I4,3
NSML,I5,2
NSML,I6,2
NSML,M3L,1
NSML,M3L,1
NSML,M3R,1
NSML,M3R,1
NSMR,I1L,2
NSMR,I1R,2
NSMR,I2L,6
NSMR,I2R,6
NSMR,I3,2
NSMR,I4,3
NSMR,I5,2
NSMR,I6,2
NSMR,M3L,1
NSMR,M3L,1
NSMR,M3R,1
NSMR,M3R,1
OLLL,AVER,21
OLLL,CEPDL,3
OLLL,CEPVL,4
OLLL,IL1DL,1
OLLL,IL1VL,2
OLLL,OLLR,2
OLLL,RIBL,8
OLLL,RIGL,1
OLLL,RMDDL,7
OLLL,RMDL,2
OLLL,RMDVL,1
OLLL,RMEL,2
OLLL,SMDDL,3
OLLL,SMDDR,4
OLLL,SMDVR,4
OLLL,URYDL,1
OLLR,AVEL,16
OLLR,CEPDR,1
OLLR,CEPVR,6
OLLR,IL1DR,2
OLLR,IL1DR,1
OLLR,IL1VR,1
OLLR,IL2R,1
OLLR,OLLL,2
OLLR,RIBR,10
OLLR,RIGR,1
OLLR,RMDDR,10
OLLR,RMDL,3
OLLR,RMDVR,3
OLLR,RMER,2
OLLR,SMDDR,1
OLLR,SMDVL,4
OLLR,SMDVR,3
OLQDL,CEPDL,1
OLQDL,RIBL,2
OLQDL,RICR,1
OLQDL,RIGL,1
OLQDL,RMDDR,4
OLQDL,RMDVL,1
OLQDL,SIBVL,3
OLQDL,URBL,1
OLQDR,CEPDR,2
OLQDR,RIBR,2
OLQDR,RICL,1
OLQDR,RICR,1
OLQDR,RIGR,1
OLQDR,RIH,1
OLQDR,RMDDL,3
OLQDR,RMDVR,1
OLQDR,RMHR,1
OLQDR,SIBVR,2
OLQDR,URBR,1
OLQVL,ADLL,1
OLQVL,CEPVL,1
OLQVL,IL1VL,1
OLQVL,IL2VL,1
OLQVL,RIBL,1
OLQVL,RICL,1
OLQVL,RIGL,1
OLQVL,RIH,1
OLQVL,RIPL,1
OLQVL,RMDDL,1
OLQVL,RMDVR,4
OLQVL,SIBDL,3
OLQVL,URBL,1
OLQVR,CEPVR,1
OLQVR,IL1VR,1
OLQVR,RIBR,1
OLQVR,RICR,1
OLQVR,RIGR,1
OLQVR,RIH,2
OLQVR,RIPR,2
OLQVR,RMDDR,1
OLQVR,RMDVL,4
OLQVR,RMER,1
OLQVR,SIBDR,4
OLQVR,URBR,1
PDA,AS11,1
PDA,DA9,1
PDA,DA9,1
PDA,DD6,1
PDA,MDL21,2
PDA,PVNR,1
PDA,VD13,3
PDB,AS11,2
PDB,MVL22,1
PDB,MVR21,1
PDB,RID,2
PDB,VD13,2
PDEL,AVKL,6
PDEL,DVA,24
PDEL,PDER,1
PDEL,PDER,3
PDEL,PVCR,1
PDEL,PVM,2
PDEL,PVM,1
PDEL,PVR,2
PDEL,VA9,1
PDEL,VD11,1
PDER,AVKL,16
PDER,DVA,35
PDER,PDEL,3
PDER,PVCL,1
PDER,PVCR,1
PDER,PVM,1
PDER,VA8,1
PDER,VD9,1
PHAL,AVDR,1
PHAL,AVFL,3
PHAL,AVG,5
PHAL,AVHL,1
PHAL,AVHR,1
PHAL,DVA,2
PHAL,PHAR,5
PHAL,PHAR,2
PHAL,PHBL,5
PHAL,PHBR,5
PHAL,PVQL,2
PHAR,AVG,3
PHAR,AVHR,1
PHAR,DA8,1
PHAR,DVA,1
PHAR,PHAL,6
PHAR,PHAL,2
PHAR,PHBL,1
PHAR,PHBR,5
PHAR,PVPL,3
PHAR,PVQL,2
PHBL,AVAL,9
PHBL,AVAR,6
PHBL,AVDL,1
PHBL,PHBR,1
PHBL,PHBR,3
PHBL,PVCL,13
PHBL,VA12,1
PHBR,AVAL,7
PHBR,AVAR,7
PHBR,AVDL,1
PHBR,AVDR,1
PHBR,AVFL,1
PHBR,AVHL,1
PHBR,DA8,1
PHBR,PHBL,1
PHBR,PHBL,3
PHBR,PVCL,6
PHBR,PVCR,3
PHBR,VA12,2
PHCL,AVAL,1
PHCL,DA9,7
PHCL,DA9,1
PHCL,DVA,6
PHCL,LUAL,1
PHCL,PHCR,1
PHCL,PLML,1
PHCL,PVCL,2
PHCL,VA12,2
PHCL,VA12,1
PHCR,AVHR,1
PHCR,DA9,2
PHCR,DVA,8
PHCR,LUAR,1
PHCR,PHCL,1
PHCR,PHCL,1
PHCR,PVCR,8
PHCR,PVCR,1
PHCR,VA12,1
PHCR,VA12,1
PLML,HSNL,1
PLML,LUAL,1
PLML,PHCL,1
PLML,PVCL,1
PLMR,AS6,1
PLMR,AVAL,4
PLMR,AVAR,1
PLMR,AVDL,1
PLMR,AVDR,4
PLMR,DVA,5
PLMR,HSNR,1
PLMR,LUAR,1
PLMR,PDEL,2
PLMR,PDER,3
PLMR,PVCL,2
PLMR,PVCR,1
PLMR,PVR,2
PLNL,SAADL,5
PLNL,SMBVL,6
PLNR,SAADR,4
PLNR,SMBVR,6
PQR,AVAL,8
PQR,AVAR,11
PQR,AVDL,7
PQR,AVDR,6
PQR,AVG,1
PQR,LUAR,1
PQR,PVNL,1
PQR,PVPL,4
PVCL,AS1,1
PVCL,AVAL,1
PVCL,AVAL,2
PVCL,AVAR,4
PVCL,AVBL,5
PVCL,AVBR,12
PVCL,AVDL,5
PVCL,AVDR,2
PVCL,AVEL,2
PVCL,AVER,1
PVCL,AVJL,3
PVCL,AVJL,1
PVCL,AVJR,1
PVCL,AVJR,1
PVCL,DA2,1
PVCL,DA5,1
PVCL,DA6,1
PVCL,DB2,3
PVCL,DB3,4
PVCL,DB4,3
PVCL,DB5,2
PVCL,DB6,2
PVCL,DB7,3
PVCL,DVA,4
PVCL,DVA,1
PVCL,PLML,1
PVCL,PVCR,2
PVCL,PVCR,5
PVCL,RID,5
PVCL,RIS,2
PVCL,SIBVL,2
PVCL,VB10,2
PVCL,VB10,1
PVCL,VB11,1
PVCL,VB3,1
PVCL,VB4,1
PVCL,VB5,1
PVCL,VB6,2
PVCL,VB8,1
PVCL,VB9,2
PVCR,AQR,1
PVCR,AS2,1
PVCR,AVAL,7
PVCR,AVAL,5
PVCR,AVAR,7
PVCR,AVAR,3
PVCR,AVBL,8
PVCR,AVBR,6
PVCR,AVDL,5
PVCR,AVDR,1
PVCR,AVEL,1
PVCR,AVER,1
PVCR,AVJL,3
PVCR,AVL,1
PVCR,DA9,1
PVCR,DB2,1
PVCR,DB3,3
PVCR,DB4,4
PVCR,DB5,1
PVCR,DB6,2
PVCR,DB7,1
PVCR,FLPL,1
PVCR,LUAR,1
PVCR,PDEL,1
PVCR,PDEL,1
PVCR,PHCR,1
PVCR,PLMR,1
PVCR,PVCL,3
PVCR,PVCL,5
PVCR,PVDL,1
PVCR,PVR,1
PVCR,PVWL,2
PVCR,PVWR,1
PVCR,PVWR,1
PVCR,RID,5
PVCR,SIBVR,2
PVCR,VA8,2
PVCR,VA9,1
PVCR,VB10,1
PVCR,VB4,3
PVCR,VB6,2
PVCR,VB7,3
PVCR,VB8,1
PVDL,AVAL,6
PVDL,AVAR,6
PVDL,DD5,1
PVDL,PVCL,1
PVDL,PVCR,6
PVDL,VD10,1
PVDR,AVAL,6
PVDR,AVAR,9
PVDR,DVA,3
PVDR,PVCL,13
PVDR,PVCR,10
PVDR,PVDL,1
PVDR,VA9,1
PVM,AVKL,11
PVM,AVL,1
PVM,AVM,1
PVM,DVA,3
PVM,PDEL,7
PVM,PDEL,1
PVM,PDER,8
PVM,PDER,1
PVM,PVCL,2
PVM,PVR,1
PVNL,AVAL,2
PVNL,AVBR,1
PVNL,AVBR,2
PVNL,AVDL,3
PVNL,AVDR,3
PVNL,AVEL,1
PVNL,AVFR,1
PVNL,AVG,1
PVNL,AVJL,5
PVNL,AVJR,5
PVNL,AVL,2
PVNL,BDUL,1
PVNL,BDUR,2
PVNL,DD1,2
PVNL,MVL09,3
PVNL,PQR,1
PVNL,PVCL,1
PVNL,PVNR,5
PVNL,PVQR,1
PVNL,PVT,1
PVNL,PVWL,1
PVNL,RIFL,1
PVNR,AVAL,2
PVNR,AVBL,1
PVNR,AVBR,2
PVNR,AVDR,1
PVNR,AVEL,3
PVNR,AVJL,4
PVNR,AVJR,1
PVNR,AVL,2
PVNR,BDUL,1
PVNR,BDUR,2
PVNR,DD3,1
PVNR,HSNR,1
PVNR,HSNR,1
PVNR,MVL12,1
PVNR,MVL13,2
PVNR,PQR,2
PVNR,PVCL,1
PVNR,PVNL,1
PVNR,PVT,2
PVNR,PVWL,2
PVNR,VC2,1
PVNR,VC3,1
PVNR,VD12,1
PVNR,VD6,1
PVNR,VD7,1
PVPL,ADAL,1
PVPL,AQR,1
PVPL,AQR,7
PVPL,AVAL,1
PVPL,AVAL,1
PVPL,AVAR,1
PVPL,AVBL,5
PVPL,AVBR,6
PVPL,AVDR,2
PVPL,AVER,1
PVPL,AVHR,1
PVPL,AVKL,1
PVPL,AVKR,6
PVPL,DVC,2
PVPL,PHAR,3
PVPL,PQR,4
PVPL,PVCR,3
PVPL,PVPR,1
PVPL,PVT,1
PVPL,RIGL,2
PVPL,VD13,2
PVPL,VD3,1
PVPR,ADFR,1
PVPR,AQR,2
PVPR,AQR,9
PVPR,ASHR,1
PVPR,AVAL,1
PVPR,AVAR,2
PVPR,AVBL,4
PVPR,AVBR,5
PVPR,AVHL,3
PVPR,AVKL,1
PVPR,AVL,4
PVPR,DD2,1
PVPR,DVC,1
PVPR,DVC,13
PVPR,PVCL,4
PVPR,PVCR,7
PVPR,PVPL,1
PVPR,PVQR,1
PVPR,RIAR,2
PVPR,RIGR,1
PVPR,RIMR,1
PVPR,RMGR,1
PVPR,VD4,1
PVPR,VD5,1
PVQL,ADAL,1
PVQL,AIAL,3
PVQL,ASJL,1
PVQL,ASKL,4
PVQL,ASKL,5
PVQL,HSNL,2
PVQL,PVQR,2
PVQL,RMGL,1
PVQR,ADAR,1
PVQR,AIAR,7
PVQR,ASER,1
PVQR,ASKR,4
PVQR,ASKR,4
PVQR,AVBL,1
PVQR,AVFL,1
PVQR,AVFR,1
PVQR,AVL,1
PVQR,AWAR,2
PVQR,DD1,1
PVQR,DVC,1
PVQR,HSNR,1
PVQR,PVNL,1
PVQR,PVQL,2
PVQR,PVT,1
PVQR,RIFR,1
PVQR,VD1,1
PVR,ADAL,1
PVR,ALML,1
PVR,AS6,1
PVR,AVBL,4
PVR,AVBR,4
PVR,AVJL,3
PVR,AVJR,2
PVR,AVKL,1
PVR,DA9,1
PVR,DB2,1
PVR,DB3,1
PVR,DVA,1
PVR,DVA,2
PVR,IL1DL,1
PVR,IL1DR,1
PVR,IL1VL,1
PVR,IL1VR,1
PVR,LUAL,1
PVR,LUAR,1
PVR,PDEL,1
PVR,PDER,1
PVR,PLMR,2
PVR,PVCR,1
PVR,RIPL,3
PVR,RIPR,3
PVR,SABD,1
PVR,URADL,1
PVT,AIBL,2
PVT,AIBL,1
PVT,AIBR,4
PVT,AIBR,1
PVT,AVKL,7
PVT,AVKL,2
PVT,AVKR,7
PVT,AVL,2
PVT,DVC,2
PVT,PVPL,1
PVT,RIBL,1
PVT,RIBR,1
PVT,RIGL,2
PVT,RIGR,3
PVT,RIH,1
PVT,RMEV,1
PVT,RMFL,2
PVT,RMFR,3
PVT,SMBDR,1
PVWL,AVJL,1
PVWL,PVCR,2
PVWL,PVT,2
PVWL,PVWR,1
PVWL,VA12,1
PVWR,AVAR,1
PVWR,AVDR,1
PVWR,PVCR,1
PVWR,PVCR,1
PVWR,PVT,1
PVWR,VA12,1
RIAL,CEPVL,1
RIAL,RIAR,1
RIAL,RIVL,2
RIAL,RIVR,4
RIAL,RMDDL,12
RIAL,RMDDR,7
RIAL,RMDL,6
RIAL,RMDR,6
RIAL,RMDVL,9
RIAL,RMDVR,11
RIAL,SIADL,2
RIAL,SMDDL,8
RIAL,SMDDR,10
RIAL,SMDVL,6
RIAL,SMDVR,11
RIAR,CEPVR,1
RIAR,IL1R,1
RIAR,RIAL,4
RIAR,RIVL,1
RIAR,RMDDL,10
RIAR,RMDDR,11
RIAR,RMDL,3
RIAR,RMDR,8
RIAR,RMDVL,12
RIAR,RMDVR,10
RIAR,SAADR,1
RIAR,SIADL,1
RIAR,SIADR,1
RIAR,SIAVL,1
RIAR,SMDDL,7
RIAR,SMDDR,7
RIAR,SMDVL,13
RIAR,SMDVR,7
RIBL,AIBR,2
RIBL,AUAL,1
RIBL,AVAL,1
RIBL,AVBL,1
RIBL,AVBR,1
RIBL,AVBR,1
RIBL,AVDR,1
RIBL,AVEL,1
RIBL,AVER,5
RIBL,BAGR,1
RIBL,OLQDL,2
RIBL,OLQVL,1
RIBL,PVT,1
RIBL,RIAL,3
RIBL,RIBL,1
RIBL,RIBR,3
RIBL,RIGL,1
RIBL,SIADL,1
RIBL,SIAVL,1
RIBL,SIBDL,1
RIBL,SIBVL,1
RIBL,SIBVR,1
RIBL,SMBDL,1
RIBL,SMDDL,1
RIBL,SMDVR,2
RIBL,SMDVR,2
RIBR,AIBL,1
RIBR,AIZR,1
RIBR,AVAR,2
RIBR,AVBL,1
RIBR,AVBR,1
RIBR,AVEL,3
RIBR,AVER,1
RIBR,BAGL,1
RIBR,OLQDR,2
RIBR,OLQVR,1
RIBR,PVT,1
RIBR,RIAR,2
RIBR,RIBL,3
RIBR,RIBR,1
RIBR,RIGR,1
RIBR,RIGR,1
RIBR,RIH,1
RIBR,SIADR,1
RIBR,SIAVR,1
RIBR,SIBDR,1
RIBR,SIBVR,1
RIBR,SMBDR,1
RIBR,SMDDL,1
RIBR,SMDDL,1
RIBR,SMDDR,1
RIBR,SMDVL,2
RICL,ADAR,1
RICL,ASHL,2
RICL,AVAL,5
RICL,AVAR,6
RICL,AVKL,1
RICL,AVKR,1
RICL,AVKR,1
RICL,AWBR,1
RICL,RIML,1
RICL,RIMR,3
RICL,RIVR,1
RICL,RMFR,1
RICL,SMBDL,2
RICL,SMDDL,3
RICL,SMDDR,3
RICL,SMDVR,1
RICR,ADAR,1
RICR,ASHR,2
RICR,AVAL,5
RICR,AVAR,5
RICR,AVKL,1
RICR,SMBDR,1
RICR,SMDDL,4
RICR,SMDDR,3
RICR,SMDVL,2
RICR,SMDVR,1
RID,ALA,1
RID,AS2,1
RID,AVBL,1
RID,AVBR,2
RID,DA6,3
RID,DA9,1
RID,DB1,1
RID,DD1,4
RID,DD2,4
RID,DD3,3
RID,MDL14,-1
RID,MDL21,-2
RID,PDB,2
RID,VD13,1
RID,VD5,1
RIFL,ALML,2
RIFL,AVBL,10
RIFL,AVBR,1
RIFL,AVG,1
RIFL,AVHR,1
RIFL,AVJR,2
RIFL,PVPL,3
RIFL,RIML,4
RIFL,VD1,1
RIFR,ASHR,2
RIFR,AVBL,1
RIFR,AVBR,17
RIFR,AVFL,1
RIFR,AVG,1
RIFR,AVHL,1
RIFR,AVJL,1
RIFR,AVJR,2
RIFR,HSNR,1
RIFR,PVCL,1
RIFR,PVCR,1
RIFR,PVPR,4
RIFR,RIMR,4
RIFR,RIPR,1
RIGL,AIBR,3
RIGL,AIZR,1
RIGL,ALNL,1
RIGL,AQR,2
RIGL,AVEL,1
RIGL,AVER,1
RIGL,AVKL,1
RIGL,AVKR,2
RIGL,BAGR,1
RIGL,BAGR,1
RIGL,DVC,1
RIGL,OLLL,1
RIGL,OLQDL,1
RIGL,OLQVL,1
RIGL,RIBL,1
RIGL,RIBL,1
RIGL,RIGR,3
RIGL,RIR,2
RIGL,RMEL,1
RIGL,RMFL,1
RIGL,RMHR,3
RIGL,URYDL,1
RIGL,URYVL,1
RIGL,VB2,1
RIGL,VD1,2
RIGR,AIBL,3
RIGR,ALNR,1
RIGR,AQR,1
RIGR,AVER,2
RIGR,AVKL,4
RIGR,AVKR,1
RIGR,AVKR,1
RIGR,BAGL,1
RIGR,OLLR,1
RIGR,OLQDR,1
RIGR,OLQVR,1
RIGR,RIBR,1
RIGR,RIBR,1
RIGR,RIGL,3
RIGR,RIR,1
RIGR,RMHL,4
RIGR,URYDR,1
RIGR,URYVR,1
RIH,ADFR,1
RIH,AIZL,4
RIH,AIZR,4
RIH,AUAR,1
RIH,BAGR,1
RIH,CEPDL,1
RIH,CEPDL,1
RIH,CEPDR,1
RIH,CEPDR,1
RIH,CEPVL,1
RIH,CEPVL,1
RIH,CEPVR,1
RIH,CEPVR,1
RIH,FLPL,1
RIH,IL2L,2
RIH,IL2R,1
RIH,OLQDL,4
RIH,OLQDR,2
RIH,OLQDR,1
RIH,OLQVL,1
RIH,OLQVR,6
RIH,RIAL,10
RIH,RIAR,8
RIH,RIBL,5
RIH,RIBR,4
RIH,RIPL,4
RIH,RIPR,6
RIH,RMER,2
RIH,RMEV,1
RIH,URYVR,1
RIML,AIBR,1
RIML,AIYL,1
RIML,AVAL,1
RIML,AVAR,2
RIML,AVBL,2
RIML,AVBR,3
RIML,AVEL,2
RIML,AVER,3
RIML,MDR05,2
RIML,MVR05,2
RIML,RIBL,1
RIML,RIS,1
RIML,RMDL,1
RIML,RMDR,1
RIML,RMFR,1
RIML,SAADR,1
RIML,SAAVL,3
RIML,SAAVR,2
RIML,SMDDR,5
RIML,SMDVL,1
RIMR,ADAR,1
RIMR,AIBL,4
RIMR,AIBL,1
RIMR,AIYR,1
RIMR,AVAL,2
RIMR,AVAL,3
RIMR,AVAR,1
RIMR,AVBL,2
RIMR,AVBR,5
RIMR,AVEL,3
RIMR,AVER,2
RIMR,AVJL,1
RIMR,AVKL,1
RIMR,MDL05,1
RIMR,MDL07,1
RIMR,MVL05,1
RIMR,MVL07,1
RIMR,RIBR,1
RIMR,RIS,1
RIMR,RIS,1
RIMR,RMDL,3
RIMR,RMDR,1
RIMR,RMFL,1
RIMR,RMFR,1
RIMR,SAAVL,3
RIMR,SAAVR,3
RIMR,SMDDL,2
RIMR,SMDDR,4
RIPL,OLQDL,1
RIPL,OLQDR,1
RIPL,RMED,1
RIPR,OLQDL,1
RIPR,OLQDR,1
RIPR,RMED,1
RIR,AFDR,1
RIR,AIZL,3
RIR,AIZR,5
RIR,AUAL,1
RIR,AWBR,1
RIR,BAGL,1
RIR,BAGR,1
RIR,BAGR,1
RIR,DVA,2
RIR,HSNL,1
RIR,PVPL,1
RIR,RIAL,5
RIR,RIAR,1
RIR,RIGL,1
RIR,URXL,5
RIR,URXR,1
RIS,AIBR,1
RIS,AVEL,7
RIS,AVER,7
RIS,AVJL,1
RIS,AVKL,1
RIS,AVKR,4
RIS,AVL,2
RIS,CEPDR,1
RIS,CEPVL,2
RIS,CEPVR,1
RIS,DB1,1
RIS,OLLR,1
RIS,RIBL,3
RIS,RIBR,5
RIS,RIML,1
RIS,RIML,1
RIS,RIMR,4
RIS,RIMR,1
RIS,RMDDL,1
RIS,RMDL,2
RIS,RMDR,4
RIS,SMDDL,1
RIS,SMDDR,2
RIS,SMDDR,1
RIS,SMDVL,1
RIS,SMDVR,1
RIS,URYVR,1
RIVL,AIBL,1
RIVL,MVR05,-1
RIVL,MVR06,-1
RIVL,MVR08,-2
RIVL,RIAL,1
RIVL,RIAR,1
RIVL,RIVR,2
RIVL,RMDL,2
RIVL,SAADR,3
RIVL,SDQR,2
RIVL,SIAVR,2
RIVL,SMDDR,1
RIVL,SMDVL,1
RIVR,AIBR,1
RIVR,MVL05,-1
RIVR,MVL06,-1
RIVR,MVL08,-1
RIVR,MVR04,-1
RIVR,MVR06,-1
RIVR,RIAL,2
RIVR,RIAR,1
RIVR,RIVL,2
RIVR,RMDDL,1
RIVR,RMDR,1
RIVR,RMDVR,1
RIVR,RMEV,1
RIVR,SAADL,2
RIVR,SDQR,2
RIVR,SIAVL,2
RIVR,SMDDL,2
RIVR,SMDVR,2
RIVR,SMDVR,2
RMDDL,MDR01,1
RMDDL,MDR02,1
RMDDL,MDR03,1
RMDDL,MDR04,1
RMDDL,MDR08,2
RMDDL,MVR01,1
RMDDL,OLQVL,1
RMDDL,RMDL,1
RMDDL,RMDVL,1
RMDDL,RMDVR,7
RMDDL,SMDDL,1
RMDDR,MDL01,1
RMDDR,MDL02,1
RMDDR,MDL03,2
RMDDR,MDL04,1
RMDDR,MDR04,1
RMDDR,MVR01,1
RMDDR,MVR02,1
RMDDR,OLQVR,1
RMDDR,RMDVL,12
RMDDR,RMDVR,1
RMDDR,SAADR,1
RMDDR,SMDDR,1
RMDDR,URYDL,1
RMDL,MDL03,1
RMDL,MDL05,2
RMDL,MDR01,1
RMDL,MDR03,1
RMDL,MVL01,1
RMDL,MVR01,1
RMDL,MVR03,1
RMDL,MVR05,2
RMDL,MVR07,1
RMDL,OLLR,2
RMDL,RIAL,4
RMDL,RIAR,3
RMDL,RMDDL,1
RMDL,RMDDR,1
RMDL,RMDR,3
RMDL,RMDVL,1
RMDL,RMER,1
RMDL,RMFL,1
RMDR,AVKL,1
RMDR,MDL03,1
RMDR,MDL05,1
RMDR,MDR05,1
RMDR,MVL03,1
RMDR,MVL05,1
RMDR,RIAL,3
RMDR,RIAR,7
RMDR,RIMR,2
RMDR,RIS,1
RMDR,RMDDL,1
RMDR,RMDL,1
RMDR,RMDVR,1
RMDVL,AVER,1
RMDVL,MDR01,1
RMDVL,MVL04,1
RMDVL,MVR01,1
RMDVL,MVR02,1
RMDVL,MVR03,1
RMDVL,MVR04,1
RMDVL,MVR05,1
RMDVL,MVR06,1
RMDVL,MVR08,1
RMDVL,OLQDL,1
RMDVL,RMDDL,1
RMDVL,RMDDR,6
RMDVL,RMDL,1
RMDVL,RMDVR,1
RMDVL,SAAVL,1
RMDVL,SMDVL,1
RMDVR,AVEL,1
RMDVR,AVER,1
RMDVR,MDL01,1
RMDVR,MVL01,1
RMDVR,MVL02,1
RMDVR,MVL03,1
RMDVR,MVL04,1
RMDVR,MVL05,1
RMDVR,MVL06,1
RMDVR,MVL08,1
RMDVR,MVR04,1
RMDVR,MVR06,1
RMDVR,MVR08,1
RMDVR,OLQDR,1
RMDVR,RMDDL,4
RMDVR,RMDDR,1
RMDVR,RMDR,1
RMDVR,RMDVL,1
RMDVR,SAAVR,1
RMDVR,SIBDR,1
RMDVR,SIBVR,1
RMDVR,SMDVR,1
RMED,IL1VL,1
RMED,MVL02,-2
RMED,MVL04,-2
RMED,MVL06,-2
RMED,MVR02,-2
RMED,MVR04,-2
RMED,RIBL,1
RMED,RIBR,1
RMED,RIPL,1
RMED,RIPR,1
RMED,RMEV,2
RMEL,MDR01,-3
RMEL,MDR03,-3
RMEL,MVR01,-3
RMEL,MVR03,-3
RMEL,RIGL,1
RMEL,RMEV,1
RMER,MDL01,-5
RMER,MDL03,-5
RMER,MVL01,-5
RMER,RMEV,1
RMEV,AVEL,1
RMEV,AVER,1
RMEV,IL1DL,1
RMEV,IL1DR,1
RMEV,MDL02,-1
RMEV,MDL04,-1
RMEV,MDL06,-1
RMEV,MDR02,-1
RMEV,MDR04,-1
RMEV,RMED,2
RMEV,RMEL,1
RMEV,RMER,1
RMEV,SMDDR,1
RMFL,AVKL,4
RMFL,AVKR,4
RMFL,MDR03,1
RMFL,MVR01,1
RMFL,MVR03,1
RMFL,PVT,1
RMFL,RIGR,1
RMFL,RMDR,3
RMFL,RMGR,1
RMFL,URBR,1
RMFR,AVKL,3
RMFR,AVKR,3
RMFR,RMDL,2
RMGL,ADAL,1
RMGL,ADLL,1
RMGL,AIBR,1
RMGL,ALML,1
RMGL,ALNL,1
RMGL,ASHL,1
RMGL,ASHL,1
RMGL,ASKL,1
RMGL,AVAL,1
RMGL,AVBR,2
RMGL,AVEL,2
RMGL,AWBL,1
RMGL,CEPDL,1
RMGL,IL2L,1
RMGL,MDL05,2
RMGL,MVL05,2
RMGL,RID,1
RMGL,RMDL,1
RMGL,RMDR,3
RMGL,RMDVL,3
RMGL,RMHL,3
RMGL,RMHR,1
RMGL,SIAVL,1
RMGL,SIBVL,2
RMGL,SIBVR,1
RMGL,SMBVL,1
RMGL,URXL,1
RMGL,URXL,1
RMGR,ADAR,1
RMGR,AIMR,1
RMGR,ALNR,1
RMGR,ASHR,1
RMGR,ASHR,1
RMGR,ASKR,1
RMGR,AVAR,1
RMGR,AVBR,1
RMGR,AVDL,1
RMGR,AVER,3
RMGR,AVJL,1
RMGR,AWBR,1
RMGR,IL2R,1
RMGR,MDR05,1
RMGR,MVR05,1
RMGR,MVR07,1
RMGR,RIR,1
RMGR,RMDL,4
RMGR,RMDR,2
RMGR,RMDVR,5
RMGR,RMHR,1
RMGR,URXR,1
RMGR,URXR,1
RMHL,MDR01,2
RMHL,MDR03,3
RMHL,MVR01,2
RMHL,RMDR,1
RMHL,RMGL,3
RMHL,SIBVR,1
RMHR,MDL01,2
RMHR,MDL03,2
RMHR,MDL05,2
RMHR,MVL01,2
RMHR,RMER,1
RMHR,RMGL,1
RMHR,RMGR,1
SAADL,AIBL,1
SAADL,AVAL,6
SAADL,RIML,3
SAADL,RIMR,6
SAADL,RMGR,1
SAADL,SMBDL,1
SAADR,AIBR,1
SAADR,AVAR,3
SAADR,OLLL,1
SAADR,RIML,4
SAADR,RIMR,5
SAADR,RMDDR,1
SAADR,RMFL,1
SAADR,RMGL,1
SAAVL,AIBL,1
SAAVL,ALNL,1
SAAVL,AVAL,16
SAAVL,OLLR,1
SAAVL,RIML,2
SAAVL,RIMR,12
SAAVL,RMDVL,1
SAAVL,RMFR,2
SAAVL,SMBVR,3
SAAVL,SMDDR,8
SAAVR,AVAR,13
SAAVR,RIML,5
SAAVR,RIMR,2
SAAVR,RMDVR,1
SAAVR,SMBVL,2
SAAVR,SMDDL,6
SABD,AVAL,4
SABD,VA2,1
SABD,VA2,3
SABD,VA3,2
SABD,VA4,1
SABVL,AVAR,3
SABVL,DA1,2
SABVL,DA2,1
SABVR,AVAL,1
SABVR,AVAR,1
SABVR,DA1,3
SDQL,ALML,2
SDQL,AVAL,1
SDQL,AVAR,3
SDQL,AVEL,1
SDQL,FLPL,1
SDQL,RICR,1
SDQL,RIS,3
SDQL,RMFL,1
SDQL,SDQR,1
SDQR,ADLL,1
SDQR,AIBL,2
SDQR,AVAL,2
SDQR,AVAL,1
SDQR,AVBL,6
SDQR,AVBL,1
SDQR,AVBR,4
SDQR,DVA,3
SDQR,RICR,1
SDQR,RIVL,2
SDQR,RIVR,2
SDQR,RMHL,2
SDQR,RMHR,1
SDQR,SDQL,1
SDQR,SIBVL,1
SIADL,RIBL,1
SIADR,RIBR,1
SIAVL,RIBL,1
SIAVR,RIBR,1
SIBDL,RIBL,1
SIBDL,SIBVL,1
SIBDR,AIML,1
SIBDR,RIBR,1
SIBDR,SIBVR,1
SIBVL,AVBL,1
SIBVL,AVBR,1
SIBVL,RIBL,1
SIBVL,SDQR,1
SIBVL,SIBDL,1
SIBVR,RIBL,1
SIBVR,RIBR,1
SIBVR,RMHL,1
SIBVR,SIBDR,1
SMBDL,AVAR,1
SMBDL,AVKL,1
SMBDL,AVKR,1
SMBDL,MDR01,2
SMBDL,MDR02,2
SMBDL,MDR03,2
SMBDL,MDR04,2
SMBDL,MDR06,3
SMBDL,RIBL,1
SMBDL,RMED,3
SMBDL,SAADL,1
SMBDL,SAAVR,1
SMBDR,ALNL,1
SMBDR,AVAL,1
SMBDR,AVKL,1
SMBDR,AVKR,2
SMBDR,MDL02,1
SMBDR,MDL03,1
SMBDR,MDL04,1
SMBDR,MDL06,2
SMBDR,MDR04,1
SMBDR,MDR08,1
SMBDR,RIBR,1
SMBDR,RMED,4
SMBDR,SAAVL,3
SMBVL,MVL01,1
SMBVL,MVL02,1
SMBVL,MVL03,1
SMBVL,MVL04,1
SMBVL,MVL05,1
SMBVL,MVL06,1
SMBVL,MVL08,1
SMBVL,PLNL,1
SMBVL,RMEV,5
SMBVL,SAADL,3
SMBVL,SAAVR,2
SMBVR,AVKL,1
SMBVR,AVKR,1
SMBVR,MVR01,1
SMBVR,MVR02,1
SMBVR,MVR03,1
SMBVR,MVR04,1
SMBVR,MVR06,1
SMBVR,MVR07,1
SMBVR,RMEV,3
SMBVR,SAADR,4
SMBVR,SAAVL,3
SMDDL,MDL04,1
SMDDL,MDL06,1
SMDDL,MDL08,1
SMDDL,MDR02,1
SMDDL,MDR03,1
SMDDL,MDR04,1
SMDDL,MDR05,1
SMDDL,MDR06,1
SMDDL,MDR07,1
SMDDL,MVL02,1
SMDDL,MVL04,1
SMDDL,RIAL,1
SMDDL,RIAR,1
SMDDL,RIBL,1
SMDDL,RIBR,1
SMDDL,RIS,1
SMDDL,RMDDL,1
SMDDL,SMDVR,2
SMDDR,MDL04,1
SMDDR,MDL05,1
SMDDR,MDL06,1
SMDDR,MDL08,1
SMDDR,MDR04,1
SMDDR,MDR06,1
SMDDR,MVR02,1
SMDDR,RIAL,2
SMDDR,RIAR,1
SMDDR,RIBR,1
SMDDR,RIS,1
SMDDR,RMDDR,1
SMDDR,VD1,1
SMDVL,MVL03,1
SMDVL,MVL06,1
SMDVL,MVR02,1
SMDVL,MVR03,1
SMDVL,MVR04,1
SMDVL,MVR06,1
SMDVL,PVR,1
SMDVL,RIAL,3
SMDVL,RIAR,8
SMDVL,RIBR,2
SMDVL,RIS,1
SMDVL,RIVL,1
SMDVL,RIVL,1
SMDVL,RMDDR,1
SMDVL,RMDVL,1
SMDVL,SMDDR,4
SMDVL,SMDVR,1
SMDVR,MVL02,1
SMDVR,MVL03,1
SMDVR,MVL04,1
SMDVR,MVR07,1
SMDVR,RIAL,7
SMDVR,RIAR,5
SMDVR,RIBL,2
SMDVR,RIVR,1
SMDVR,RIVR,2
SMDVR,RMDDL,1
SMDVR,RMDVR,1
SMDVR,SMDDL,2
SMDVR,SMDVL,1
SMDVR,VB1,1
URADL,IL1DL,2
URADL,MDL02,2
URADL,MDL03,2
URADL,MDL04,2
URADL,RIPL,3
URADL,RMEL,1
URADR,IL1DR,1
URADR,MDR01,3
URADR,MDR02,2
URADR,MDR03,3
URADR,RIPR,3
URADR,RMDVR,1
URADR,RMED,1
URADR,RMER,1
URADR,URYDR,1
URAVL,MVL01,2
URAVL,MVL02,2
URAVL,MVL03,3
URAVL,MVL04,2
URAVL,RIPL,3
URAVL,RMEL,1
URAVL,RMER,1
URAVL,RMEV,2
URAVR,IL1R,1
URAVR,MVR01,2
URAVR,MVR02,2
URAVR,MVR03,2
URAVR,MVR04,2
URAVR,RIPR,3
URAVR,RMDVL,1
URAVR,RMER,2
URAVR,RMEV,2
URBL,AVBL,1
URBL,CEPDL,1
URBL,IL1L,1
URBL,OLQDL,1
URBL,OLQVL,1
URBL,RICR,1
URBL,RMDDR,1
URBL,SIAVL,1
URBL,SMBDR,1
URBL,URXL,2
URBR,ADAR,1
URBR,AVBR,1
URBR,CEPDR,1
URBR,IL1R,3
URBR,IL2R,1
URBR,OLQDR,1
URBR,OLQVR,1
URBR,RICR,1
URBR,RMDL,1
URBR,RMDR,1
URBR,RMFL,1
URBR,SIAVR,2
URBR,SMBDL,1
URBR,URXR,4
URXL,ASHL,1
URXL,AUAL,5
URXL,AVBL,1
URXL,AVEL,4
URXL,AVJR,1
URXL,RIAL,8
URXL,RICL,1
URXL,RIGL,3
URXL,RMGL,2
URXL,RMGL,1
URXR,AUAR,4
URXR,AVBL,1
URXR,AVBR,2
URXR,AVER,2
URXR,IL2R,1
URXR,OLQVR,1
URXR,RIAR,3
URXR,RIGR,2
URXR,RIPR,3
URXR,RMDR,1
URXR,RMGR,1
URXR,RMGR,1
URXR,SIAVR,1
URYDL,AVAL,1
URYDL,AVER,2
URYDL,RIBL,1
URYDL,RIGL,1
URYDL,RMDDR,4
URYDL,RMDVL,6
URYDL,SMDDL,1
URYDL,SMDDR,1
URYDR,AVAR,1
URYDR,AVEL,2
URYDR,AVER,2
URYDR,RIBR,1
URYDR,RIGR,1
URYDR,RMDDL,3
URYDR,RMDVR,5
URYDR,SMDDL,4
URYVL,AVAR,1
URYVL,AVBR,1
URYVL,AVER,5
URYVL,IL1VL,1
URYVL,RIAL,1
URYVL,RIBL,2
URYVL,RIGL,1
URYVL,RIH,1
URYVL,RIS,1
URYVL,RMDDL,4
URYVL,RMDVR,2
URYVL,SIBVR,1
URYVL,SMDVR,4
URYVR,AVAL,1
URYVR,AVAL,1
URYVR,AVEL,6
URYVR,IL1VR,1
URYVR,RIAR,1
URYVR,RIBR,1
URYVR,RIGR,1
URYVR,RMDDR,6
URYVR,RMDVL,4
URYVR,SIBDR,1
URYVR,SIBVL,1
URYVR,SMDVL,3
VA1,AVAL,3
VA1,DA2,2
VA1,DD1,9
VA1,MVL07,3
VA1,MVL08,3
VA1,MVR07,3
VA1,MVR08,3
VA1,VD1,2
VA10,AVAL,1
VA10,AVAR,1
VA10,MVL17,5
VA10,MVL18,5
VA10,MVR17,5
VA10,MVR18,5
VA11,AVAL,1
VA11,AVAR,7
VA11,DD6,10
VA11,MVL19,5
VA11,MVL20,5
VA11,MVR19,5
VA11,MVR20,5
VA11,PVNR,2
VA11,VB10,1
VA11,VD12,4
VA12,AS11,2
VA12,AVAR,1
VA12,DA8,3
VA12,DA9,5
VA12,DB7,4
VA12,DD6,2
VA12,LUAL,2
VA12,MVL21,5
VA12,MVL22,5
VA12,MVL23,5
VA12,MVR21,5
VA12,MVR22,5
VA12,MVR23,5
VA12,MVR24,5
VA12,PHCL,1
VA12,PHCR,1
VA12,PVCL,2
VA12,PVCR,3
VA12,VA11,1
VA12,VB11,1
VA12,VD12,3
VA12,VD13,11
VA2,AVAL,1
VA2,AVAL,4
VA2,DD1,13
VA2,MVL07,5
VA2,MVL10,5
VA2,MVR07,5
VA2,MVR10,5
VA2,SABD,3
VA2,VA3,2
VA2,VB1,2
VA2,VD1,2
VA2,VD1,1
VA2,VD2,8
VA2,VD2,3
VA3,AS1,1
VA3,AVAL,1
VA3,AVAR,2
VA3,DD1,18
VA3,DD2,11
VA3,MVL09,5
VA3,MVL10,5
VA3,MVL12,5
VA3,MVR09,5
VA3,MVR10,5
VA3,MVR12,5
VA3,SABD,2
VA3,VA4,1
VA3,VD2,3
VA3,VD3,3
VA4,AS2,2
VA4,AVAL,1
VA4,AVAR,3
VA4,AVDL,1
VA4,DA5,1
VA4,DD2,21
VA4,MVL11,6
VA4,MVL12,6
VA4,MVR11,6
VA4,MVR12,6
VA4,SABD,1
VA4,VB3,2
VA4,VD4,3
VA5,AS3,2
VA5,AVAL,5
VA5,AVAR,3
VA5,DA5,2
VA5,DD2,5
VA5,DD3,13
VA5,MVL11,5
VA5,MVL14,5
VA5,MVR11,5
VA5,MVR14,5
VA5,VD5,2
VA6,AVAL,6
VA6,AVAR,2
VA6,DD3,24
VA6,MVL13,5
VA6,MVL14,5
VA6,MVR13,5
VA6,MVR14,5
VA6,VB5,2
VA6,VD5,1
VA6,VD6,2
VA7,AS5,1
VA7,AVAL,2
VA7,AVAR,4
VA7,DD3,3
VA7,DD4,12
VA7,MVL13,4
VA7,MVL15,4
VA7,MVL16,4
VA7,MVR13,4
VA7,MVR15,4
VA7,MVR16,4
VA7,MVULVA,4
VA7,VB3,1
VA7,VD7,9
VA8,AS6,1
VA8,AVAL,10
VA8,AVAR,4
VA8,AVBR,1
VA8,DD4,21
VA8,MVL15,6
VA8,MVL16,6
VA8,MVR15,6
VA8,MVR16,6
VA8,PDER,1
VA8,PVCR,2
VA8,VA8,1
VA8,VA9,1
VA8,VB6,1
VA8,VB8,1
VA8,VB8,3
VA8,VB9,3
VA8,VD7,5
VA8,VD8,5
VA8,VD8,1
VA9,AVAL,1
VA9,AVBR,1
VA9,DD4,3
VA9,DD5,15
VA9,DVB,1
VA9,DVC,1
VA9,MVL15,5
VA9,MVL18,5
VA9,MVR15,5
VA9,MVR18,5
VA9,PVCR,1
VA9,PVT,1
VA9,VB8,6
VA9,VB8,1
VA9,VB9,4
VA9,VD7,1
VA9,VD9,10
VB1,AIBR,1
VB1,AVBL,1
VB1,AVKL,4
VB1,DB2,2
VB1,DD1,1
VB1,DVA,1
VB1,MVL07,1
VB1,MVL08,1
VB1,MVR07,1
VB1,MVR08,1
VB1,RIML,2
VB1,RMFL,2
VB1,SAADL,9
VB1,SAADR,2
VB1,SABD,1
VB1,SMDVR,1
VB1,VA1,3
VB1,VA3,1
VB1,VB2,4
VB1,VD1,3
VB1,VD2,1
VB10,AVBL,2
VB10,AVBR,1
VB10,AVKL,1
VB10,DD6,9
VB10,MVL19,5
VB10,MVL20,5
VB10,MVR19,5
VB10,MVR20,5
VB10,PVCL,1
VB10,PVT,1
VB10,VD11,1
VB10,VD12,2
VB11,AVBL,2
VB11,AVBR,1
VB11,DD6,7
VB11,MVL21,5
VB11,MVL22,5
VB11,MVL23,5
VB11,MVR21,5
VB11,MVR22,5
VB11,MVR23,5
VB11,MVR24,5
VB11,PVCR,1
VB11,VA12,1
VB11,VA12,1
VB2,AVBL,3
VB2,AVBR,1
VB2,DB4,1
VB2,DD1,20
VB2,DD2,1
VB2,MVL07,4
VB2,MVL09,4
VB2,MVL10,4
VB2,MVL12,4
VB2,MVR07,4
VB2,MVR09,4
VB2,MVR10,4
VB2,MVR12,4
VB2,RIGL,1
VB2,VA2,1
VB2,VB1,4
VB2,VB3,1
VB2,VB5,1
VB2,VB7,2
VB2,VC2,1
VB2,VD2,9
VB2,VD3,3
VB3,AVBR,1
VB3,DB1,1
VB3,DD2,37
VB3,MVL11,6
VB3,MVL12,6
VB3,MVL14,6
VB3,MVR11,6
VB3,MVR12,6
VB3,MVR14,6
VB3,VA4,1
VB3,VA7,1
VB3,VB2,1
VB4,AVBL,1
VB4,AVBR,1
VB4,DB1,1
VB4,DB4,1
VB4,DD2,6
VB4,DD3,16
VB4,MVL11,5
VB4,MVL14,5
VB4,MVR11,5
VB4,MVR14,5
VB4,VB5,1
VB5,AVBL,1
VB5,DD3,27
VB5,MVL13,6
VB5,MVL14,6
VB5,MVR13,6
VB5,MVR14,6
VB5,VB2,1
VB5,VB4,1
VB5,VB6,1
VB5,VD6,7
VB6,AVBL,1
VB6,AVBR,2
VB6,DA4,1
VB6,DD4,30
VB6,MVL15,6
VB6,MVL16,6
VB6,MVR15,6
VB6,MVR16,6
VB6,MVULVA,6
VB6,VA8,1
VB6,VB5,1
VB6,VB7,1
VB6,VD6,1
VB6,VD7,8
VB7,AVBL,2
VB7,AVBR,2
VB7,DD4,2
VB7,MVL15,5
VB7,MVR15,5
VB7,VB2,2
VB8,AVBL,7
VB8,AVBR,3
VB8,DD5,30
VB8,MVL17,5
VB8,MVL18,5
VB8,MVL20,5
VB8,MVR17,5
VB8,MVR18,5
VB8,MVR20,5
VB8,VA8,3
VB8,VA9,9
VB8,VA9,1
VB8,VB9,3
VB8,VB9,3
VB8,VD10,1
VB8,VD9,10
VB9,AVAL,5
VB9,AVAR,4
VB9,AVBL,1
VB9,AVBR,6
VB9,DD5,8
VB9,DVB,1
VB9,MVL17,6
VB9,MVL20,6
VB9,MVR17,6
VB9,MVR20,6
VB9,PVCL,2
VB9,VA8,3
VB9,VA9,4
VB9,VB8,1
VB9,VB8,3
VB9,VD10,5
VC1,AVL,2
VC1,DD1,7
VC1,DD2,6
VC1,DD3,6
VC1,DVC,1
VC1,MVULVA,6
VC1,PVT,2
VC1,VC2,3
VC1,VC2,6
VC1,VC3,1
VC1,VC3,2
VC1,VD1,4
VC1,VD1,1
VC1,VD2,1
VC1,VD3,1
VC1,VD4,2
VC1,VD5,5
VC1,VD6,1
VC2,DB4,1
VC2,DD1,6
VC2,DD2,4
VC2,DD3,9
VC2,DVC,1
VC2,MVULVA,10
VC2,PVCR,1
VC2,PVQR,1
VC2,PVT,2
VC2,VC1,4
VC2,VC1,6
VC2,VC3,4
VC2,VC3,2
VC2,VD1,2
VC2,VD2,2
VC2,VD4,5
VC2,VD5,5
VC2,VD6,1
VC3,AVL,1
VC3,DD1,2
VC3,DD2,4
VC3,DD3,5
VC3,DD4,12
VC3,DD4,1
VC3,DVC,1
VC3,HSNR,1
VC3,MVULVA,11
VC3,PVNR,1
VC3,PVPR,1
VC3,PVQR,4
VC3,VC1,2
VC3,VC1,2
VC3,VC2,1
VC3,VC2,2
VC3,VC4,1
VC3,VC5,2
VC3,VD1,1
VC3,VD2,1
VC3,VD3,1
VC3,VD4,2
VC3,VD5,4
VC3,VD6,4
VC3,VD7,5
VC4,AVBL,1
VC4,AVFR,1
VC4,AVHR,1
VC4,MVULVA,7
VC4,VC1,1
VC4,VC3,4
VC4,VC3,1
VC4,VC5,1
VC4,VC5,1
VC5,AVFL,1
VC5,AVFR,1
VC5,DVC,2
VC5,HSNL,1
VC5,MVULVA,2
VC5,OLLR,1
VC5,PVT,1
VC5,URBL,3
VC5,VC3,1
VC5,VC3,2
VC5,VC4,1
VC5,VC4,1
VC6,MVULVA,1
VD1,DD1,1
VD1,DD1,4
VD1,DVC,5
VD1,MVL05,-3
VD1,MVL08,-3
VD1,MVR05,-3
VD1,MVR08,-3
VD1,RIFL,1
VD1,RIGL,2
VD1,SMDDR,1
VD1,VA1,2
VD1,VA2,1
VD1,VC1,1
VD1,VD2,7
VD10,AVBR,1
VD10,DD5,1
VD10,DD5,1
VD10,DVC,4
VD10,MVL17,-6
VD10,MVL20,-6
VD10,MVR17,-6
VD10,MVR20,-6
VD10,VB9,2
VD10,VD9,5
VD11,AVAR,2
VD11,MVL19,-6
VD11,MVL20,-6
VD11,MVR19,-6
VD11,MVR20,-6
VD11,VA11,1
VD11,VB10,1
VD12,MVL19,-3
VD12,MVL21,-3
VD12,MVR19,-3
VD12,MVR22,-3
VD12,VA11,3
VD12,VA12,2
VD12,VB10,1
VD12,VB11,1
VD13,AVAR,2
VD13,MVL21,-6
VD13,MVL22,-6
VD13,MVL23,-6
VD13,MVR21,-6
VD13,MVR22,-6
VD13,MVR23,-6
VD13,MVR24,-6
VD13,PVCL,1
VD13,PVCR,1
VD13,PVPL,2
VD13,VA12,1
VD2,AS1,1
VD2,DD1,1
VD2,DD1,2
VD2,MVL07,-5
VD2,MVL10,-5
VD2,MVR07,-5
VD2,MVR10,-5
VD2,VA2,6
VD2,VA2,3
VD2,VB2,3
VD2,VD1,7
VD2,VD3,2
VD3,MVL09,-5
VD3,MVL12,-6
VD3,MVR09,-5
VD3,MVR12,-5
VD3,PVPL,1
VD3,VA3,2
VD3,VB2,2
VD3,VD2,2
VD3,VD4,1
VD4,DD2,2
VD4,MVL11,-6
VD4,MVL12,-6
VD4,MVR11,-6
VD4,MVR12,-6
VD4,PVPR,1
VD4,VD3,1
VD4,VD5,1
VD5,AVAR,1
VD5,MVL14,-13
VD5,MVR14,-13
VD5,PVPR,1
VD5,VA5,2
VD5,VB4,2
VD5,VD4,1
VD5,VD6,2
VD6,AVAL,1
VD6,MVL13,-5
VD6,MVL14,-5
VD6,MVL16,-5
VD6,MVR13,-5
VD6,MVR14,-5
VD6,MVR16,-5
VD6,VA6,1
VD6,VB5,2
VD6,VD5,2
VD6,VD7,1
VD7,MVL15,-5
VD7,MVL16,-5
VD7,MVR15,-5
VD7,MVR16,-5
VD7,MVULVA,-5
VD7,VA9,1
VD7,VD6,1
VD8,DD4,1
VD8,DD4,1
VD8,MVL15,-12
VD8,MVR15,-12
VD8,VA8,4
VD8,VA8,1
VD9,MVL17,-7
VD9,MVL18,-7
VD9,MVR17,-7
VD9,MVR18,-7
VD9,PDER,1
VD9,VD10,5
